optional_fields_linter_pointers,io.k8s.apimachinery.pkg.runtime.TypeMeta,APIVersion
optional_fields_linter_pointers,io.k8s.apimachinery.pkg.runtime.TypeMeta,Kind
optional_fields_linter_pointers,io.k8s.apimachinery.pkg.apis.meta.v1.APIGroup,PreferredVersion
optional_fields_linter_pointers,io.k8s.apimachinery.pkg.apis.meta.v1.APIResource,Group
optional_fields_linter_pointers,io.k8s.apimachinery.pkg.apis.meta.v1.APIResource,Version
optional_fields_linter_pointers,io.k8s.apimachinery.pkg.apis.meta.v1.APIResource,ShortNames
optional_fields_linter_pointers,io.k8s.apimachinery.pkg.apis.meta.v1.APIResource,Categories
optional_fields_linter_pointers,io.k8s.api.core.v1.AWSElasticBlockStoreVolumeSource,FSType
optional_fields_linter_pointers,io.k8s.api.core.v1.AWSElasticBlockStoreVolumeSource,Partition
optional_fields_linter_pointers,io.k8s.api.core.v1.AWSElasticBlockStoreVolumeSource,ReadOnly
optional_fields_linter_pointers,io.k8s.api.core.v1.AvoidPods,PreferAvoidPods
optional_fields_linter_pointers,io.k8s.api.core.v1.AzureFilePersistentVolumeSource,ReadOnly
optional_fields_linter_pointers,io.k8s.api.core.v1.AzureFileVolumeSource,ReadOnly
optional_fields_linter_pointers,io.k8s.api.core.v1.Binding,ObjectMeta
optional_fields_linter_pointers,io.k8s.api.core.v1.Capabilities,Add
optional_fields_linter_pointers,io.k8s.api.core.v1.Capabilities,Drop
optional_fields_linter_pointers,io.k8s.api.core.v1.CephFSPersistentVolumeSource,Path
optional_fields_linter_pointers,io.k8s.api.core.v1.CephFSPersistentVolumeSource,User
optional_fields_linter_pointers,io.k8s.api.core.v1.CephFSPersistentVolumeSource,SecretFile
optional_fields_linter_pointers,io.k8s.api.core.v1.CephFSPersistentVolumeSource,ReadOnly
optional_fields_linter_pointers,io.k8s.api.core.v1.CephFSVolumeSource,Path
optional_fields_linter_pointers,io.k8s.api.core.v1.CephFSVolumeSource,User
optional_fields_linter_pointers,io.k8s.api.core.v1.CephFSVolumeSource,SecretFile
optional_fields_linter_pointers,io.k8s.api.core.v1.CephFSVolumeSource,ReadOnly
optional_fields_linter_pointers,io.k8s.api.core.v1.CinderVolumeSource,FSType
optional_fields_linter_pointers,io.k8s.api.core.v1.CinderVolumeSource,ReadOnly
optional_fields_linter_pointers,io.k8s.api.rbac.v1.ClusterRole,ObjectMeta
optional_fields_linter_pointers,io.k8s.api.rbac.v1.ClusterRoleBinding,ObjectMeta
optional_fields_linter_pointers,io.k8s.api.rbac.v1.ClusterRoleBindingList,ListMeta
optional_fields_linter_pointers,io.k8s.api.rbac.v1.ClusterRoleList,ListMeta
optional_fields_linter_pointers,io.k8s.api.core.v1.ComponentCondition,Message
optional_fields_linter_pointers,io.k8s.api.core.v1.ComponentCondition,Error
optional_fields_linter_pointers,io.k8s.api.core.v1.ComponentStatus,ObjectMeta
optional_fields_linter_pointers,io.k8s.api.core.v1.ComponentStatus,Conditions
optional_fields_linter_pointers,io.k8s.api.core.v1.ComponentStatusList,ListMeta
optional_fields_linter_pointers,io.k8s.api.core.v1.ConfigMap,ObjectMeta
optional_fields_linter_pointers,io.k8s.api.core.v1.ConfigMap,Data
optional_fields_linter_pointers,io.k8s.api.core.v1.ConfigMapList,ListMeta
optional_fields_linter_pointers,io.k8s.api.core.v1.ConfigMapProjection,Items
optional_fields_linter_pointers,io.k8s.api.core.v1.ConfigMapVolumeSource,Items
optional_fields_linter_pointers,io.k8s.api.core.v1.Container,Image
optional_fields_linter_pointers,io.k8s.api.core.v1.Container,Command
optional_fields_linter_pointers,io.k8s.api.core.v1.Container,Args
optional_fields_linter_pointers,io.k8s.api.core.v1.Container,WorkingDir
optional_fields_linter_pointers,io.k8s.api.core.v1.Container,Ports
optional_fields_linter_pointers,io.k8s.api.core.v1.Container,EnvFrom
optional_fields_linter_pointers,io.k8s.api.core.v1.Container,Env
optional_fields_linter_pointers,io.k8s.api.core.v1.Container,Resources
optional_fields_linter_pointers,io.k8s.api.core.v1.Container,VolumeMounts
optional_fields_linter_pointers,io.k8s.api.core.v1.Container,TerminationMessagePath
optional_fields_linter_pointers,io.k8s.api.core.v1.Container,TerminationMessagePolicy
optional_fields_linter_pointers,io.k8s.api.core.v1.Container,ImagePullPolicy
optional_fields_linter_pointers,io.k8s.api.core.v1.Container,Stdin
optional_fields_linter_pointers,io.k8s.api.core.v1.Container,StdinOnce
optional_fields_linter_pointers,io.k8s.api.core.v1.Container,TTY
optional_fields_linter_pointers,io.k8s.api.core.v1.ContainerImage,SizeBytes
optional_fields_linter_pointers,io.k8s.api.core.v1.ContainerPort,Name
optional_fields_linter_pointers,io.k8s.api.core.v1.ContainerPort,HostPort
optional_fields_linter_pointers,io.k8s.api.core.v1.ContainerPort,Protocol
optional_fields_linter_pointers,io.k8s.api.core.v1.ContainerPort,HostIP
optional_fields_linter_pointers,io.k8s.api.core.v1.ContainerStateRunning,StartedAt
optional_fields_linter_pointers,io.k8s.api.core.v1.ContainerStateTerminated,Signal
optional_fields_linter_pointers,io.k8s.api.core.v1.ContainerStateTerminated,Reason
optional_fields_linter_pointers,io.k8s.api.core.v1.ContainerStateTerminated,Message
optional_fields_linter_pointers,io.k8s.api.core.v1.ContainerStateTerminated,StartedAt
optional_fields_linter_pointers,io.k8s.api.core.v1.ContainerStateTerminated,FinishedAt
optional_fields_linter_pointers,io.k8s.api.core.v1.ContainerStateTerminated,ContainerID
optional_fields_linter_pointers,io.k8s.api.core.v1.ContainerStateWaiting,Reason
optional_fields_linter_pointers,io.k8s.api.core.v1.ContainerStateWaiting,Message
optional_fields_linter_pointers,io.k8s.api.core.v1.ContainerStatus,State
optional_fields_linter_pointers,io.k8s.api.core.v1.ContainerStatus,LastTerminationState
optional_fields_linter_pointers,io.k8s.api.core.v1.ContainerStatus,ContainerID
optional_fields_linter_pointers,io.k8s.api.autoscaling.v1.CrossVersionObjectReference,APIVersion
optional_fields_linter_pointers,io.k8s.api.core.v1.DownwardAPIProjection,Items
optional_fields_linter_pointers,io.k8s.api.core.v1.DownwardAPIVolumeSource,Items
optional_fields_linter_pointers,io.k8s.api.core.v1.EmptyDirVolumeSource,Medium
optional_fields_linter_pointers,io.k8s.api.core.v1.EndpointAddress,Hostname
optional_fields_linter_pointers,io.k8s.api.core.v1.EndpointPort,Name
optional_fields_linter_pointers,io.k8s.api.core.v1.EndpointPort,Protocol
optional_fields_linter_pointers,io.k8s.api.core.v1.EndpointSubset,Addresses
optional_fields_linter_pointers,io.k8s.api.core.v1.EndpointSubset,NotReadyAddresses
optional_fields_linter_pointers,io.k8s.api.core.v1.EndpointSubset,Ports
optional_fields_linter_pointers,io.k8s.api.core.v1.Endpoints,ObjectMeta
optional_fields_linter_pointers,io.k8s.api.core.v1.EndpointsList,ListMeta
optional_fields_linter_pointers,io.k8s.api.core.v1.EnvFromSource,Prefix
optional_fields_linter_pointers,io.k8s.api.core.v1.EnvVar,Value
optional_fields_linter_pointers,io.k8s.api.core.v1.Event,Reason
optional_fields_linter_pointers,io.k8s.api.core.v1.Event,Message
optional_fields_linter_pointers,io.k8s.api.core.v1.Event,Source
optional_fields_linter_pointers,io.k8s.api.core.v1.Event,FirstTimestamp
optional_fields_linter_pointers,io.k8s.api.core.v1.Event,LastTimestamp
optional_fields_linter_pointers,io.k8s.api.core.v1.Event,Count
optional_fields_linter_pointers,io.k8s.api.core.v1.Event,Type
optional_fields_linter_pointers,io.k8s.api.core.v1.EventList,ListMeta
optional_fields_linter_pointers,io.k8s.api.core.v1.EventSource,Component
optional_fields_linter_pointers,io.k8s.api.core.v1.EventSource,Host
optional_fields_linter_pointers,io.k8s.api.core.v1.ExecAction,Command
optional_fields_linter_pointers,io.k8s.api.core.v1.FCVolumeSource,TargetWWNs
optional_fields_linter_pointers,io.k8s.api.core.v1.FCVolumeSource,FSType
optional_fields_linter_pointers,io.k8s.api.core.v1.FCVolumeSource,ReadOnly
optional_fields_linter_pointers,io.k8s.api.core.v1.FCVolumeSource,WWIDs
optional_fields_linter_pointers,io.k8s.api.core.v1.FlexVolumeSource,FSType
optional_fields_linter_pointers,io.k8s.api.core.v1.FlexVolumeSource,ReadOnly
optional_fields_linter_pointers,io.k8s.api.core.v1.FlexVolumeSource,Options
optional_fields_linter_pointers,io.k8s.api.core.v1.FlockerVolumeSource,DatasetName
optional_fields_linter_pointers,io.k8s.api.core.v1.FlockerVolumeSource,DatasetUUID
optional_fields_linter_pointers,io.k8s.api.core.v1.GCEPersistentDiskVolumeSource,FSType
optional_fields_linter_pointers,io.k8s.api.core.v1.GCEPersistentDiskVolumeSource,Partition
optional_fields_linter_pointers,io.k8s.api.core.v1.GCEPersistentDiskVolumeSource,ReadOnly
optional_fields_linter_pointers,io.k8s.apimachinery.pkg.apis.meta.v1.GetOptions,ResourceVersion
optional_fields_linter_pointers,io.k8s.apimachinery.pkg.apis.meta.v1.GetOptions,IncludeUninitialized
optional_fields_linter_pointers,io.k8s.api.core.v1.GitRepoVolumeSource,Revision
optional_fields_linter_pointers,io.k8s.api.core.v1.GitRepoVolumeSource,Directory
optional_fields_linter_pointers,io.k8s.api.core.v1.GlusterfsVolumeSource,ReadOnly
optional_fields_linter_pointers,io.k8s.api.core.v1.HTTPGetAction,Path
optional_fields_linter_pointers,io.k8s.api.core.v1.HTTPGetAction,Host
optional_fields_linter_pointers,io.k8s.api.core.v1.HTTPGetAction,Scheme
optional_fields_linter_pointers,io.k8s.api.core.v1.HTTPGetAction,HTTPHeaders
optional_fields_linter_pointers,io.k8s.api.autoscaling.v1.HorizontalPodAutoscaler,ObjectMeta
optional_fields_linter_pointers,io.k8s.api.autoscaling.v1.HorizontalPodAutoscaler,Spec
optional_fields_linter_pointers,io.k8s.api.autoscaling.v1.HorizontalPodAutoscaler,Status
optional_fields_linter_pointers,io.k8s.api.autoscaling.v1.HorizontalPodAutoscalerCondition,LastTransitionTime
optional_fields_linter_pointers,io.k8s.api.autoscaling.v1.HorizontalPodAutoscalerCondition,Reason
optional_fields_linter_pointers,io.k8s.api.autoscaling.v1.HorizontalPodAutoscalerCondition,Message
optional_fields_linter_pointers,io.k8s.api.autoscaling.v1.HorizontalPodAutoscalerList,ListMeta
optional_fields_linter_pointers,io.k8s.api.core.v1.HostAlias,IP
optional_fields_linter_pointers,io.k8s.api.core.v1.HostAlias,Hostnames
optional_fields_linter_pointers,io.k8s.api.networking.v1.IPBlock,Except
optional_fields_linter_pointers,io.k8s.api.core.v1.ISCSIVolumeSource,ISCSIInterface
optional_fields_linter_pointers,io.k8s.api.core.v1.ISCSIVolumeSource,FSType
optional_fields_linter_pointers,io.k8s.api.core.v1.ISCSIVolumeSource,ReadOnly
optional_fields_linter_pointers,io.k8s.api.core.v1.ISCSIVolumeSource,Portals
optional_fields_linter_pointers,io.k8s.api.core.v1.ISCSIVolumeSource,DiscoveryCHAPAuth
optional_fields_linter_pointers,io.k8s.api.core.v1.ISCSIVolumeSource,SessionCHAPAuth
optional_fields_linter_pointers,io.k8s.api.batch.v1.Job,ObjectMeta
optional_fields_linter_pointers,io.k8s.api.batch.v1.Job,Spec
optional_fields_linter_pointers,io.k8s.api.batch.v1.Job,Status
optional_fields_linter_pointers,io.k8s.api.batch.v1.JobCondition,LastProbeTime
optional_fields_linter_pointers,io.k8s.api.batch.v1.JobCondition,LastTransitionTime
optional_fields_linter_pointers,io.k8s.api.batch.v1.JobCondition,Reason
optional_fields_linter_pointers,io.k8s.api.batch.v1.JobCondition,Message
optional_fields_linter_pointers,io.k8s.api.batch.v1.JobList,ListMeta
optional_fields_linter_pointers,io.k8s.api.batch.v1.JobStatus,Conditions
optional_fields_linter_pointers,io.k8s.api.batch.v1.JobStatus,Active
optional_fields_linter_pointers,io.k8s.api.batch.v1.JobStatus,Succeeded
optional_fields_linter_pointers,io.k8s.api.batch.v1.JobStatus,Failed
optional_fields_linter_pointers,io.k8s.apimachinery.pkg.apis.meta.v1.LabelSelector,MatchLabels
optional_fields_linter_pointers,io.k8s.apimachinery.pkg.apis.meta.v1.LabelSelector,MatchExpressions
optional_fields_linter_pointers,io.k8s.apimachinery.pkg.apis.meta.v1.LabelSelectorRequirement,Values
optional_fields_linter_pointers,io.k8s.api.core.v1.LimitRange,ObjectMeta
optional_fields_linter_pointers,io.k8s.api.core.v1.LimitRange,Spec
optional_fields_linter_pointers,io.k8s.api.core.v1.LimitRangeItem,Type
optional_fields_linter_pointers,io.k8s.api.core.v1.LimitRangeItem,Max
optional_fields_linter_pointers,io.k8s.api.core.v1.LimitRangeItem,Min
optional_fields_linter_pointers,io.k8s.api.core.v1.LimitRangeItem,Default
optional_fields_linter_pointers,io.k8s.api.core.v1.LimitRangeItem,DefaultRequest
optional_fields_linter_pointers,io.k8s.api.core.v1.LimitRangeItem,MaxLimitRequestRatio
optional_fields_linter_pointers,io.k8s.api.core.v1.LimitRangeList,ListMeta
optional_fields_linter_pointers,io.k8s.apimachinery.pkg.apis.meta.v1.List,ListMeta
optional_fields_linter_pointers,io.k8s.api.core.v1.List,ListMeta
optional_fields_linter_pointers,io.k8s.apimachinery.pkg.apis.meta.v1.ListMeta,SelfLink
optional_fields_linter_pointers,io.k8s.apimachinery.pkg.apis.meta.v1.ListMeta,ResourceVersion
optional_fields_linter_pointers,io.k8s.apimachinery.pkg.apis.meta.v1.ListMeta,Continue
optional_fields_linter_pointers,io.k8s.apimachinery.pkg.apis.meta.v1.ListOptions,LabelSelector
optional_fields_linter_pointers,io.k8s.apimachinery.pkg.apis.meta.v1.ListOptions,FieldSelector
optional_fields_linter_pointers,io.k8s.apimachinery.pkg.apis.meta.v1.ListOptions,IncludeUninitialized
optional_fields_linter_pointers,io.k8s.apimachinery.pkg.apis.meta.v1.ListOptions,Watch
optional_fields_linter_pointers,io.k8s.apimachinery.pkg.apis.meta.v1.ListOptions,ResourceVersion
optional_fields_linter_pointers,io.k8s.apimachinery.pkg.apis.meta.v1.ListOptions,Limit
optional_fields_linter_pointers,io.k8s.apimachinery.pkg.apis.meta.v1.ListOptions,Continue
optional_fields_linter_pointers,io.k8s.api.core.v1.LoadBalancerIngress,IP
optional_fields_linter_pointers,io.k8s.api.core.v1.LoadBalancerIngress,Hostname
optional_fields_linter_pointers,io.k8s.api.core.v1.LoadBalancerStatus,Ingress
optional_fields_linter_pointers,io.k8s.api.core.v1.LocalObjectReference,Name
optional_fields_linter_pointers,io.k8s.api.authorization.v1.LocalSubjectAccessReview,ObjectMeta
optional_fields_linter_pointers,io.k8s.api.authorization.v1.LocalSubjectAccessReview,Status
optional_fields_linter_pointers,io.k8s.api.core.v1.NFSVolumeSource,ReadOnly
optional_fields_linter_pointers,io.k8s.api.core.v1.Namespace,ObjectMeta
optional_fields_linter_pointers,io.k8s.api.core.v1.Namespace,Spec
optional_fields_linter_pointers,io.k8s.api.core.v1.Namespace,Status
optional_fields_linter_pointers,io.k8s.api.core.v1.NamespaceList,ListMeta
optional_fields_linter_pointers,io.k8s.api.core.v1.NamespaceSpec,Finalizers
optional_fields_linter_pointers,io.k8s.api.core.v1.NamespaceStatus,Phase
optional_fields_linter_pointers,io.k8s.api.networking.v1.NetworkPolicy,ObjectMeta
optional_fields_linter_pointers,io.k8s.api.networking.v1.NetworkPolicy,Spec
optional_fields_linter_pointers,io.k8s.api.networking.v1.NetworkPolicyEgressRule,Ports
optional_fields_linter_pointers,io.k8s.api.networking.v1.NetworkPolicyEgressRule,To
optional_fields_linter_pointers,io.k8s.api.networking.v1.NetworkPolicyIngressRule,Ports
optional_fields_linter_pointers,io.k8s.api.networking.v1.NetworkPolicyIngressRule,From
optional_fields_linter_pointers,io.k8s.api.networking.v1.NetworkPolicyList,ListMeta
optional_fields_linter_pointers,io.k8s.api.networking.v1.NetworkPolicySpec,Ingress
optional_fields_linter_pointers,io.k8s.api.networking.v1.NetworkPolicySpec,Egress
optional_fields_linter_pointers,io.k8s.api.networking.v1.NetworkPolicySpec,PolicyTypes
optional_fields_linter_pointers,io.k8s.api.core.v1.Node,ObjectMeta
optional_fields_linter_pointers,io.k8s.api.core.v1.Node,Spec
optional_fields_linter_pointers,io.k8s.api.core.v1.Node,Status
optional_fields_linter_pointers,io.k8s.api.core.v1.NodeAffinity,PreferredDuringSchedulingIgnoredDuringExecution
optional_fields_linter_pointers,io.k8s.api.core.v1.NodeCondition,LastHeartbeatTime
optional_fields_linter_pointers,io.k8s.api.core.v1.NodeCondition,LastTransitionTime
optional_fields_linter_pointers,io.k8s.api.core.v1.NodeCondition,Reason
optional_fields_linter_pointers,io.k8s.api.core.v1.NodeCondition,Message
optional_fields_linter_pointers,io.k8s.api.core.v1.NodeDaemonEndpoints,KubeletEndpoint
optional_fields_linter_pointers,io.k8s.api.core.v1.NodeList,ListMeta
optional_fields_linter_pointers,io.k8s.api.core.v1.NodeProxyOptions,Path
optional_fields_linter_pointers,io.k8s.api.core.v1.NodeSelectorRequirement,Values
optional_fields_linter_pointers,io.k8s.api.core.v1.NodeSpec,PodCIDR
optional_fields_linter_pointers,io.k8s.api.core.v1.NodeSpec,ExternalID
optional_fields_linter_pointers,io.k8s.api.core.v1.NodeSpec,ProviderID
optional_fields_linter_pointers,io.k8s.api.core.v1.NodeSpec,Unschedulable
optional_fields_linter_pointers,io.k8s.api.core.v1.NodeSpec,Taints
optional_fields_linter_pointers,io.k8s.api.core.v1.NodeStatus,Capacity
optional_fields_linter_pointers,io.k8s.api.core.v1.NodeStatus,Allocatable
optional_fields_linter_pointers,io.k8s.api.core.v1.NodeStatus,Phase
optional_fields_linter_pointers,io.k8s.api.core.v1.NodeStatus,Conditions
optional_fields_linter_pointers,io.k8s.api.core.v1.NodeStatus,Addresses
optional_fields_linter_pointers,io.k8s.api.core.v1.NodeStatus,DaemonEndpoints
optional_fields_linter_pointers,io.k8s.api.core.v1.NodeStatus,NodeInfo
optional_fields_linter_pointers,io.k8s.api.core.v1.NodeStatus,Images
optional_fields_linter_pointers,io.k8s.api.core.v1.NodeStatus,VolumesInUse
optional_fields_linter_pointers,io.k8s.api.core.v1.NodeStatus,VolumesAttached
optional_fields_linter_pointers,io.k8s.api.authorization.v1.NonResourceAttributes,Path
optional_fields_linter_pointers,io.k8s.api.authorization.v1.NonResourceAttributes,Verb
optional_fields_linter_pointers,io.k8s.api.authorization.v1.NonResourceRule,NonResourceURLs
optional_fields_linter_pointers,io.k8s.api.core.v1.ObjectFieldSelector,APIVersion
optional_fields_linter_pointers,io.k8s.apimachinery.pkg.apis.meta.v1.ObjectMeta,Name
optional_fields_linter_pointers,io.k8s.apimachinery.pkg.apis.meta.v1.ObjectMeta,GenerateName
optional_fields_linter_pointers,io.k8s.apimachinery.pkg.apis.meta.v1.ObjectMeta,Namespace
optional_fields_linter_pointers,io.k8s.apimachinery.pkg.apis.meta.v1.ObjectMeta,SelfLink
optional_fields_linter_pointers,io.k8s.apimachinery.pkg.apis.meta.v1.ObjectMeta,UID
optional_fields_linter_pointers,io.k8s.apimachinery.pkg.apis.meta.v1.ObjectMeta,ResourceVersion
optional_fields_linter_pointers,io.k8s.apimachinery.pkg.apis.meta.v1.ObjectMeta,Generation
optional_fields_linter_pointers,io.k8s.apimachinery.pkg.apis.meta.v1.ObjectMeta,CreationTimestamp
optional_fields_linter_pointers,io.k8s.apimachinery.pkg.apis.meta.v1.ObjectMeta,Labels
optional_fields_linter_pointers,io.k8s.apimachinery.pkg.apis.meta.v1.ObjectMeta,Annotations
optional_fields_linter_pointers,io.k8s.apimachinery.pkg.apis.meta.v1.ObjectMeta,OwnerReferences
optional_fields_linter_pointers,io.k8s.apimachinery.pkg.apis.meta.v1.ObjectMeta,Finalizers
optional_fields_linter_pointers,io.k8s.apimachinery.pkg.apis.meta.v1.ObjectMeta,ClusterName
optional_fields_linter_pointers,io.k8s.api.core.v1.ObjectReference,Kind
optional_fields_linter_pointers,io.k8s.api.core.v1.ObjectReference,Namespace
optional_fields_linter_pointers,io.k8s.api.core.v1.ObjectReference,Name
optional_fields_linter_pointers,io.k8s.api.core.v1.ObjectReference,UID
optional_fields_linter_pointers,io.k8s.api.core.v1.ObjectReference,APIVersion
optional_fields_linter_pointers,io.k8s.api.core.v1.ObjectReference,ResourceVersion
optional_fields_linter_pointers,io.k8s.api.core.v1.ObjectReference,FieldPath
optional_fields_linter_pointers,io.k8s.api.core.v1.PersistentVolume,ObjectMeta
optional_fields_linter_pointers,io.k8s.api.core.v1.PersistentVolume,Spec
optional_fields_linter_pointers,io.k8s.api.core.v1.PersistentVolume,Status
optional_fields_linter_pointers,io.k8s.api.core.v1.PersistentVolumeClaim,ObjectMeta
optional_fields_linter_pointers,io.k8s.api.core.v1.PersistentVolumeClaim,Spec
optional_fields_linter_pointers,io.k8s.api.core.v1.PersistentVolumeClaim,Status
optional_fields_linter_pointers,io.k8s.api.core.v1.PersistentVolumeClaimCondition,LastProbeTime
optional_fields_linter_pointers,io.k8s.api.core.v1.PersistentVolumeClaimCondition,LastTransitionTime
optional_fields_linter_pointers,io.k8s.api.core.v1.PersistentVolumeClaimCondition,Reason
optional_fields_linter_pointers,io.k8s.api.core.v1.PersistentVolumeClaimCondition,Message
optional_fields_linter_pointers,io.k8s.api.core.v1.PersistentVolumeClaimList,ListMeta
optional_fields_linter_pointers,io.k8s.api.core.v1.PersistentVolumeClaimSpec,AccessModes
optional_fields_linter_pointers,io.k8s.api.core.v1.PersistentVolumeClaimSpec,Resources
optional_fields_linter_pointers,io.k8s.api.core.v1.PersistentVolumeClaimSpec,VolumeName
optional_fields_linter_pointers,io.k8s.api.core.v1.PersistentVolumeClaimStatus,Phase
optional_fields_linter_pointers,io.k8s.api.core.v1.PersistentVolumeClaimStatus,AccessModes
optional_fields_linter_pointers,io.k8s.api.core.v1.PersistentVolumeClaimStatus,Capacity
optional_fields_linter_pointers,io.k8s.api.core.v1.PersistentVolumeClaimStatus,Conditions
optional_fields_linter_pointers,io.k8s.api.core.v1.PersistentVolumeClaimVolumeSource,ReadOnly
optional_fields_linter_pointers,io.k8s.api.core.v1.PersistentVolumeList,ListMeta
optional_fields_linter_pointers,io.k8s.api.core.v1.PersistentVolumeSpec,Capacity
optional_fields_linter_pointers,io.k8s.api.core.v1.PersistentVolumeSpec,AccessModes
optional_fields_linter_pointers,io.k8s.api.core.v1.PersistentVolumeSpec,PersistentVolumeReclaimPolicy
optional_fields_linter_pointers,io.k8s.api.core.v1.PersistentVolumeSpec,StorageClassName
optional_fields_linter_pointers,io.k8s.api.core.v1.PersistentVolumeSpec,MountOptions
optional_fields_linter_pointers,io.k8s.api.core.v1.PersistentVolumeStatus,Phase
optional_fields_linter_pointers,io.k8s.api.core.v1.PersistentVolumeStatus,Message
optional_fields_linter_pointers,io.k8s.api.core.v1.PersistentVolumeStatus,Reason
optional_fields_linter_pointers,io.k8s.api.core.v1.PhotonPersistentDiskVolumeSource,FSType
optional_fields_linter_pointers,io.k8s.api.core.v1.Pod,ObjectMeta
optional_fields_linter_pointers,io.k8s.api.core.v1.Pod,Spec
optional_fields_linter_pointers,io.k8s.api.core.v1.Pod,Status
optional_fields_linter_pointers,io.k8s.api.core.v1.PodAffinity,RequiredDuringSchedulingIgnoredDuringExecution
optional_fields_linter_pointers,io.k8s.api.core.v1.PodAffinity,PreferredDuringSchedulingIgnoredDuringExecution
optional_fields_linter_pointers,io.k8s.api.core.v1.PodAffinityTerm,Namespaces
optional_fields_linter_pointers,io.k8s.api.core.v1.PodAffinityTerm,TopologyKey
optional_fields_linter_pointers,io.k8s.api.core.v1.PodAntiAffinity,RequiredDuringSchedulingIgnoredDuringExecution
optional_fields_linter_pointers,io.k8s.api.core.v1.PodAntiAffinity,PreferredDuringSchedulingIgnoredDuringExecution
optional_fields_linter_pointers,io.k8s.api.core.v1.PodAttachOptions,Stdin
optional_fields_linter_pointers,io.k8s.api.core.v1.PodAttachOptions,Stdout
optional_fields_linter_pointers,io.k8s.api.core.v1.PodAttachOptions,Stderr
optional_fields_linter_pointers,io.k8s.api.core.v1.PodAttachOptions,TTY
optional_fields_linter_pointers,io.k8s.api.core.v1.PodAttachOptions,Container
optional_fields_linter_pointers,io.k8s.api.core.v1.PodCondition,LastProbeTime
optional_fields_linter_pointers,io.k8s.api.core.v1.PodCondition,LastTransitionTime
optional_fields_linter_pointers,io.k8s.api.core.v1.PodCondition,Reason
optional_fields_linter_pointers,io.k8s.api.core.v1.PodCondition,Message
optional_fields_linter_pointers,io.k8s.api.core.v1.PodExecOptions,Stdin
optional_fields_linter_pointers,io.k8s.api.core.v1.PodExecOptions,Stdout
optional_fields_linter_pointers,io.k8s.api.core.v1.PodExecOptions,Stderr
optional_fields_linter_pointers,io.k8s.api.core.v1.PodExecOptions,TTY
optional_fields_linter_pointers,io.k8s.api.core.v1.PodExecOptions,Container
optional_fields_linter_pointers,io.k8s.api.core.v1.PodList,ListMeta
optional_fields_linter_pointers,io.k8s.api.core.v1.PodLogOptions,Container
optional_fields_linter_pointers,io.k8s.api.core.v1.PodLogOptions,Follow
optional_fields_linter_pointers,io.k8s.api.core.v1.PodLogOptions,Previous
optional_fields_linter_pointers,io.k8s.api.core.v1.PodLogOptions,Timestamps
optional_fields_linter_pointers,io.k8s.api.core.v1.PodPortForwardOptions,Ports
optional_fields_linter_pointers,io.k8s.api.core.v1.PodProxyOptions,Path
optional_fields_linter_pointers,io.k8s.api.core.v1.PodSecurityContext,SupplementalGroups
optional_fields_linter_pointers,io.k8s.api.core.v1.PodSpec,Volumes
optional_fields_linter_pointers,io.k8s.api.core.v1.PodSpec,InitContainers
optional_fields_linter_pointers,io.k8s.api.core.v1.PodSpec,RestartPolicy
optional_fields_linter_pointers,io.k8s.api.core.v1.PodSpec,DNSPolicy
optional_fields_linter_pointers,io.k8s.api.core.v1.PodSpec,NodeSelector
optional_fields_linter_pointers,io.k8s.api.core.v1.PodSpec,ServiceAccountName
optional_fields_linter_pointers,io.k8s.api.core.v1.PodSpec,DeprecatedServiceAccount
optional_fields_linter_pointers,io.k8s.api.core.v1.PodSpec,NodeName
optional_fields_linter_pointers,io.k8s.api.core.v1.PodSpec,HostNetwork
optional_fields_linter_pointers,io.k8s.api.core.v1.PodSpec,HostPID
optional_fields_linter_pointers,io.k8s.api.core.v1.PodSpec,HostIPC
optional_fields_linter_pointers,io.k8s.api.core.v1.PodSpec,ImagePullSecrets
optional_fields_linter_pointers,io.k8s.api.core.v1.PodSpec,Hostname
optional_fields_linter_pointers,io.k8s.api.core.v1.PodSpec,Subdomain
optional_fields_linter_pointers,io.k8s.api.core.v1.PodSpec,SchedulerName
optional_fields_linter_pointers,io.k8s.api.core.v1.PodSpec,Tolerations
optional_fields_linter_pointers,io.k8s.api.core.v1.PodSpec,HostAliases
optional_fields_linter_pointers,io.k8s.api.core.v1.PodSpec,PriorityClassName
optional_fields_linter_pointers,io.k8s.api.core.v1.PodStatus,Phase
optional_fields_linter_pointers,io.k8s.api.core.v1.PodStatus,Conditions
optional_fields_linter_pointers,io.k8s.api.core.v1.PodStatus,Message
optional_fields_linter_pointers,io.k8s.api.core.v1.PodStatus,Reason
optional_fields_linter_pointers,io.k8s.api.core.v1.PodStatus,HostIP
optional_fields_linter_pointers,io.k8s.api.core.v1.PodStatus,PodIP
optional_fields_linter_pointers,io.k8s.api.core.v1.PodStatus,InitContainerStatuses
optional_fields_linter_pointers,io.k8s.api.core.v1.PodStatus,ContainerStatuses
optional_fields_linter_pointers,io.k8s.api.core.v1.PodStatus,QOSClass
optional_fields_linter_pointers,io.k8s.api.core.v1.PodStatusResult,ObjectMeta
optional_fields_linter_pointers,io.k8s.api.core.v1.PodStatusResult,Status
optional_fields_linter_pointers,io.k8s.api.core.v1.PodTemplate,ObjectMeta
optional_fields_linter_pointers,io.k8s.api.core.v1.PodTemplate,Template
optional_fields_linter_pointers,io.k8s.api.core.v1.PodTemplateList,ListMeta
optional_fields_linter_pointers,io.k8s.api.core.v1.PodTemplateSpec,ObjectMeta
optional_fields_linter_pointers,io.k8s.api.core.v1.PodTemplateSpec,Spec
optional_fields_linter_pointers,io.k8s.api.rbac.v1.PolicyRule,APIGroups
optional_fields_linter_pointers,io.k8s.api.rbac.v1.PolicyRule,Resources
optional_fields_linter_pointers,io.k8s.api.rbac.v1.PolicyRule,ResourceNames
optional_fields_linter_pointers,io.k8s.api.rbac.v1.PolicyRule,NonResourceURLs
optional_fields_linter_pointers,io.k8s.api.core.v1.PortworxVolumeSource,FSType
optional_fields_linter_pointers,io.k8s.api.core.v1.PortworxVolumeSource,ReadOnly
optional_fields_linter_pointers,io.k8s.api.core.v1.PreferAvoidPodsEntry,EvictionTime
optional_fields_linter_pointers,io.k8s.api.core.v1.PreferAvoidPodsEntry,Reason
optional_fields_linter_pointers,io.k8s.api.core.v1.PreferAvoidPodsEntry,Message
optional_fields_linter_pointers,io.k8s.api.core.v1.Probe,InitialDelaySeconds
optional_fields_linter_pointers,io.k8s.api.core.v1.Probe,TimeoutSeconds
optional_fields_linter_pointers,io.k8s.api.core.v1.Probe,PeriodSeconds
optional_fields_linter_pointers,io.k8s.api.core.v1.Probe,SuccessThreshold
optional_fields_linter_pointers,io.k8s.api.core.v1.Probe,FailureThreshold
optional_fields_linter_pointers,io.k8s.api.core.v1.QuobyteVolumeSource,ReadOnly
optional_fields_linter_pointers,io.k8s.api.core.v1.QuobyteVolumeSource,User
optional_fields_linter_pointers,io.k8s.api.core.v1.QuobyteVolumeSource,Group
optional_fields_linter_pointers,io.k8s.api.core.v1.RBDVolumeSource,FSType
optional_fields_linter_pointers,io.k8s.api.core.v1.RBDVolumeSource,RBDPool
optional_fields_linter_pointers,io.k8s.api.core.v1.RBDVolumeSource,RadosUser
optional_fields_linter_pointers,io.k8s.api.core.v1.RBDVolumeSource,Keyring
optional_fields_linter_pointers,io.k8s.api.core.v1.RBDVolumeSource,ReadOnly
optional_fields_linter_pointers,io.k8s.api.core.v1.RangeAllocation,ObjectMeta
optional_fields_linter_pointers,io.k8s.api.core.v1.ReplicationController,ObjectMeta
optional_fields_linter_pointers,io.k8s.api.core.v1.ReplicationController,Spec
optional_fields_linter_pointers,io.k8s.api.core.v1.ReplicationController,Status
optional_fields_linter_pointers,io.k8s.api.core.v1.ReplicationControllerCondition,LastTransitionTime
optional_fields_linter_pointers,io.k8s.api.core.v1.ReplicationControllerCondition,Reason
optional_fields_linter_pointers,io.k8s.api.core.v1.ReplicationControllerCondition,Message
optional_fields_linter_pointers,io.k8s.api.core.v1.ReplicationControllerList,ListMeta
optional_fields_linter_pointers,io.k8s.api.core.v1.ReplicationControllerSpec,MinReadySeconds
optional_fields_linter_pointers,io.k8s.api.core.v1.ReplicationControllerSpec,Selector
optional_fields_linter_pointers,io.k8s.api.core.v1.ReplicationControllerStatus,FullyLabeledReplicas
optional_fields_linter_pointers,io.k8s.api.core.v1.ReplicationControllerStatus,ReadyReplicas
optional_fields_linter_pointers,io.k8s.api.core.v1.ReplicationControllerStatus,AvailableReplicas
optional_fields_linter_pointers,io.k8s.api.core.v1.ReplicationControllerStatus,ObservedGeneration
optional_fields_linter_pointers,io.k8s.api.core.v1.ReplicationControllerStatus,Conditions
optional_fields_linter_pointers,io.k8s.api.authorization.v1.ResourceAttributes,Namespace
optional_fields_linter_pointers,io.k8s.api.authorization.v1.ResourceAttributes,Verb
optional_fields_linter_pointers,io.k8s.api.authorization.v1.ResourceAttributes,Group
optional_fields_linter_pointers,io.k8s.api.authorization.v1.ResourceAttributes,Version
optional_fields_linter_pointers,io.k8s.api.authorization.v1.ResourceAttributes,Resource
optional_fields_linter_pointers,io.k8s.api.authorization.v1.ResourceAttributes,Subresource
optional_fields_linter_pointers,io.k8s.api.authorization.v1.ResourceAttributes,Name
optional_fields_linter_pointers,io.k8s.api.core.v1.ResourceFieldSelector,ContainerName
optional_fields_linter_pointers,io.k8s.api.core.v1.ResourceFieldSelector,Divisor
optional_fields_linter_pointers,io.k8s.api.core.v1.ResourceQuota,ObjectMeta
optional_fields_linter_pointers,io.k8s.api.core.v1.ResourceQuota,Spec
optional_fields_linter_pointers,io.k8s.api.core.v1.ResourceQuota,Status
optional_fields_linter_pointers,io.k8s.api.core.v1.ResourceQuotaList,ListMeta
optional_fields_linter_pointers,io.k8s.api.core.v1.ResourceQuotaSpec,Hard
optional_fields_linter_pointers,io.k8s.api.core.v1.ResourceQuotaSpec,Scopes
optional_fields_linter_pointers,io.k8s.api.core.v1.ResourceQuotaStatus,Hard
optional_fields_linter_pointers,io.k8s.api.core.v1.ResourceQuotaStatus,Used
optional_fields_linter_pointers,io.k8s.api.core.v1.ResourceRequirements,Limits
optional_fields_linter_pointers,io.k8s.api.core.v1.ResourceRequirements,Requests
optional_fields_linter_pointers,io.k8s.api.authorization.v1.ResourceRule,APIGroups
optional_fields_linter_pointers,io.k8s.api.authorization.v1.ResourceRule,Resources
optional_fields_linter_pointers,io.k8s.api.authorization.v1.ResourceRule,ResourceNames
optional_fields_linter_pointers,io.k8s.api.rbac.v1.Role,ObjectMeta
optional_fields_linter_pointers,io.k8s.api.rbac.v1.RoleBinding,ObjectMeta
optional_fields_linter_pointers,io.k8s.api.rbac.v1.RoleBindingList,ListMeta
optional_fields_linter_pointers,io.k8s.api.rbac.v1.RoleList,ListMeta
optional_fields_linter_pointers,io.k8s.api.core.v1.SELinuxOptions,User
optional_fields_linter_pointers,io.k8s.api.core.v1.SELinuxOptions,Role
optional_fields_linter_pointers,io.k8s.api.core.v1.SELinuxOptions,Type
optional_fields_linter_pointers,io.k8s.api.core.v1.SELinuxOptions,Level
optional_fields_linter_pointers,io.k8s.api.autoscaling.v1.Scale,ObjectMeta
optional_fields_linter_pointers,io.k8s.api.autoscaling.v1.Scale,Spec
optional_fields_linter_pointers,io.k8s.api.autoscaling.v1.Scale,Status
optional_fields_linter_pointers,io.k8s.api.core.v1.ScaleIOVolumeSource,SSLEnabled
optional_fields_linter_pointers,io.k8s.api.core.v1.ScaleIOVolumeSource,ProtectionDomain
optional_fields_linter_pointers,io.k8s.api.core.v1.ScaleIOVolumeSource,StoragePool
optional_fields_linter_pointers,io.k8s.api.core.v1.ScaleIOVolumeSource,StorageMode
optional_fields_linter_pointers,io.k8s.api.core.v1.ScaleIOVolumeSource,VolumeName
optional_fields_linter_pointers,io.k8s.api.core.v1.ScaleIOVolumeSource,FSType
optional_fields_linter_pointers,io.k8s.api.core.v1.ScaleIOVolumeSource,ReadOnly
optional_fields_linter_pointers,io.k8s.api.autoscaling.v1.ScaleSpec,Replicas
optional_fields_linter_pointers,io.k8s.api.autoscaling.v1.ScaleStatus,Selector
optional_fields_linter_pointers,io.k8s.api.core.v1.Secret,ObjectMeta
optional_fields_linter_pointers,io.k8s.api.core.v1.Secret,Data
optional_fields_linter_pointers,io.k8s.api.core.v1.Secret,StringData
optional_fields_linter_pointers,io.k8s.api.core.v1.Secret,Type
optional_fields_linter_pointers,io.k8s.api.core.v1.SecretList,ListMeta
optional_fields_linter_pointers,io.k8s.api.core.v1.SecretProjection,Items
optional_fields_linter_pointers,io.k8s.api.core.v1.SecretReference,Name
optional_fields_linter_pointers,io.k8s.api.core.v1.SecretReference,Namespace
optional_fields_linter_pointers,io.k8s.api.core.v1.SecretVolumeSource,SecretName
optional_fields_linter_pointers,io.k8s.api.core.v1.SecretVolumeSource,Items
optional_fields_linter_pointers,io.k8s.api.authorization.v1.SelfSubjectAccessReview,ObjectMeta
optional_fields_linter_pointers,io.k8s.api.authorization.v1.SelfSubjectAccessReview,Status
optional_fields_linter_pointers,io.k8s.api.authorization.v1.SelfSubjectRulesReview,ObjectMeta
optional_fields_linter_pointers,io.k8s.api.authorization.v1.SelfSubjectRulesReview,Status
optional_fields_linter_pointers,io.k8s.api.authorization.v1.SelfSubjectRulesReviewSpec,Namespace
optional_fields_linter_pointers,io.k8s.api.core.v1.SerializedReference,Reference
optional_fields_linter_pointers,io.k8s.api.core.v1.Service,ObjectMeta
optional_fields_linter_pointers,io.k8s.api.core.v1.Service,Spec
optional_fields_linter_pointers,io.k8s.api.core.v1.Service,Status
optional_fields_linter_pointers,io.k8s.api.core.v1.ServiceAccount,ObjectMeta
optional_fields_linter_pointers,io.k8s.api.core.v1.ServiceAccount,Secrets
optional_fields_linter_pointers,io.k8s.api.core.v1.ServiceAccount,ImagePullSecrets
optional_fields_linter_pointers,io.k8s.api.core.v1.ServiceAccountList,ListMeta
optional_fields_linter_pointers,io.k8s.api.core.v1.ServiceList,ListMeta
optional_fields_linter_pointers,io.k8s.api.core.v1.ServicePort,Name
optional_fields_linter_pointers,io.k8s.api.core.v1.ServicePort,Protocol
optional_fields_linter_pointers,io.k8s.api.core.v1.ServicePort,TargetPort
optional_fields_linter_pointers,io.k8s.api.core.v1.ServicePort,NodePort
optional_fields_linter_pointers,io.k8s.api.core.v1.ServiceProxyOptions,Path
optional_fields_linter_pointers,io.k8s.api.core.v1.ServiceSpec,Ports
optional_fields_linter_pointers,io.k8s.api.core.v1.ServiceSpec,Selector
optional_fields_linter_pointers,io.k8s.api.core.v1.ServiceSpec,ClusterIP
optional_fields_linter_pointers,io.k8s.api.core.v1.ServiceSpec,Type
optional_fields_linter_pointers,io.k8s.api.core.v1.ServiceSpec,ExternalIPs
optional_fields_linter_pointers,io.k8s.api.core.v1.ServiceSpec,SessionAffinity
optional_fields_linter_pointers,io.k8s.api.core.v1.ServiceSpec,LoadBalancerIP
optional_fields_linter_pointers,io.k8s.api.core.v1.ServiceSpec,LoadBalancerSourceRanges
optional_fields_linter_pointers,io.k8s.api.core.v1.ServiceSpec,ExternalName
optional_fields_linter_pointers,io.k8s.api.core.v1.ServiceSpec,ExternalTrafficPolicy
optional_fields_linter_pointers,io.k8s.api.core.v1.ServiceSpec,HealthCheckNodePort
optional_fields_linter_pointers,io.k8s.api.core.v1.ServiceSpec,PublishNotReadyAddresses
optional_fields_linter_pointers,io.k8s.api.core.v1.ServiceStatus,LoadBalancer
optional_fields_linter_pointers,io.k8s.apimachinery.pkg.apis.meta.v1.Status,ListMeta
optional_fields_linter_pointers,io.k8s.apimachinery.pkg.apis.meta.v1.Status,Status
optional_fields_linter_pointers,io.k8s.apimachinery.pkg.apis.meta.v1.Status,Message
optional_fields_linter_pointers,io.k8s.apimachinery.pkg.apis.meta.v1.Status,Reason
optional_fields_linter_pointers,io.k8s.apimachinery.pkg.apis.meta.v1.Status,Code
optional_fields_linter_pointers,io.k8s.apimachinery.pkg.apis.meta.v1.StatusCause,Type
optional_fields_linter_pointers,io.k8s.apimachinery.pkg.apis.meta.v1.StatusCause,Message
optional_fields_linter_pointers,io.k8s.apimachinery.pkg.apis.meta.v1.StatusCause,Field
optional_fields_linter_pointers,io.k8s.apimachinery.pkg.apis.meta.v1.StatusDetails,Name
optional_fields_linter_pointers,io.k8s.apimachinery.pkg.apis.meta.v1.StatusDetails,Group
optional_fields_linter_pointers,io.k8s.apimachinery.pkg.apis.meta.v1.StatusDetails,Kind
optional_fields_linter_pointers,io.k8s.apimachinery.pkg.apis.meta.v1.StatusDetails,UID
optional_fields_linter_pointers,io.k8s.apimachinery.pkg.apis.meta.v1.StatusDetails,Causes
optional_fields_linter_pointers,io.k8s.apimachinery.pkg.apis.meta.v1.StatusDetails,RetryAfterSeconds
optional_fields_linter_pointers,io.k8s.api.storage.v1.StorageClass,ObjectMeta
optional_fields_linter_pointers,io.k8s.api.storage.v1.StorageClass,Parameters
optional_fields_linter_pointers,io.k8s.api.storage.v1.StorageClass,MountOptions
optional_fields_linter_pointers,io.k8s.api.storage.v1.StorageClassList,ListMeta
optional_fields_linter_pointers,io.k8s.api.core.v1.StorageOSPersistentVolumeSource,VolumeName
optional_fields_linter_pointers,io.k8s.api.core.v1.StorageOSPersistentVolumeSource,VolumeNamespace
optional_fields_linter_pointers,io.k8s.api.core.v1.StorageOSPersistentVolumeSource,FSType
optional_fields_linter_pointers,io.k8s.api.core.v1.StorageOSPersistentVolumeSource,ReadOnly
optional_fields_linter_pointers,io.k8s.api.core.v1.StorageOSVolumeSource,VolumeName
optional_fields_linter_pointers,io.k8s.api.core.v1.StorageOSVolumeSource,VolumeNamespace
optional_fields_linter_pointers,io.k8s.api.core.v1.StorageOSVolumeSource,FSType
optional_fields_linter_pointers,io.k8s.api.core.v1.StorageOSVolumeSource,ReadOnly
optional_fields_linter_pointers,io.k8s.api.rbac.v1.Subject,APIGroup
optional_fields_linter_pointers,io.k8s.api.rbac.v1.Subject,Namespace
optional_fields_linter_pointers,io.k8s.api.authorization.v1.SubjectAccessReview,ObjectMeta
optional_fields_linter_pointers,io.k8s.api.authorization.v1.SubjectAccessReview,Status
optional_fields_linter_pointers,io.k8s.api.authorization.v1.SubjectAccessReviewSpec,User
optional_fields_linter_pointers,io.k8s.api.authorization.v1.SubjectAccessReviewSpec,Groups
optional_fields_linter_pointers,io.k8s.api.authorization.v1.SubjectAccessReviewSpec,Extra
optional_fields_linter_pointers,io.k8s.api.authorization.v1.SubjectAccessReviewSpec,UID
optional_fields_linter_pointers,io.k8s.api.authorization.v1.SubjectAccessReviewStatus,Reason
optional_fields_linter_pointers,io.k8s.api.authorization.v1.SubjectAccessReviewStatus,EvaluationError
optional_fields_linter_pointers,io.k8s.api.authorization.v1.SubjectRulesReviewStatus,EvaluationError
optional_fields_linter_pointers,io.k8s.api.core.v1.TCPSocketAction,Host
optional_fields_linter_pointers,io.k8s.api.core.v1.Taint,Value
optional_fields_linter_pointers,io.k8s.api.authentication.v1.TokenReview,ObjectMeta
optional_fields_linter_pointers,io.k8s.api.authentication.v1.TokenReview,Status
optional_fields_linter_pointers,io.k8s.api.authentication.v1.TokenReviewSpec,Token
optional_fields_linter_pointers,io.k8s.api.authentication.v1.TokenReviewStatus,Authenticated
optional_fields_linter_pointers,io.k8s.api.authentication.v1.TokenReviewStatus,User
optional_fields_linter_pointers,io.k8s.api.authentication.v1.TokenReviewStatus,Error
optional_fields_linter_pointers,io.k8s.api.core.v1.Toleration,Key
optional_fields_linter_pointers,io.k8s.api.core.v1.Toleration,Operator
optional_fields_linter_pointers,io.k8s.api.core.v1.Toleration,Value
optional_fields_linter_pointers,io.k8s.api.core.v1.Toleration,Effect
optional_fields_linter_pointers,io.k8s.apimachinery.pkg.apis.meta.v1.TypeMeta,Kind
optional_fields_linter_pointers,io.k8s.apimachinery.pkg.apis.meta.v1.TypeMeta,APIVersion
optional_fields_linter_pointers,io.k8s.api.authentication.v1.UserInfo,Username
optional_fields_linter_pointers,io.k8s.api.authentication.v1.UserInfo,UID
optional_fields_linter_pointers,io.k8s.api.authentication.v1.UserInfo,Groups
optional_fields_linter_pointers,io.k8s.api.authentication.v1.UserInfo,Extra
optional_fields_linter_pointers,io.k8s.api.core.v1.VolumeMount,ReadOnly
optional_fields_linter_pointers,io.k8s.api.core.v1.VolumeMount,SubPath
optional_fields_linter_pointers,io.k8s.api.core.v1.VsphereVirtualDiskVolumeSource,FSType
optional_fields_linter_pointers,io.k8s.api.core.v1.VsphereVirtualDiskVolumeSource,StoragePolicyName
optional_fields_linter_pointers,io.k8s.api.core.v1.VsphereVirtualDiskVolumeSource,StoragePolicyID
optional_fields_linter_pointers,io.k8s.api.rbac.v1alpha1.ClusterRole,ObjectMeta
optional_fields_linter_pointers,io.k8s.api.rbac.v1alpha1.ClusterRoleBinding,ObjectMeta
optional_fields_linter_pointers,io.k8s.api.rbac.v1alpha1.ClusterRoleBindingList,ListMeta
optional_fields_linter_pointers,io.k8s.api.rbac.v1alpha1.ClusterRoleList,ListMeta
optional_fields_linter_pointers,io.k8s.apiserver.pkg.apis.audit.v1alpha1.Event,ObjectMeta
optional_fields_linter_pointers,io.k8s.apiserver.pkg.apis.audit.v1alpha1.Event,SourceIPs
optional_fields_linter_pointers,io.k8s.apiserver.pkg.apis.audit.v1alpha1.EventList,ListMeta
optional_fields_linter_pointers,io.k8s.api.admissionregistration.v1alpha1.ExternalAdmissionHook,Rules
optional_fields_linter_pointers,io.k8s.api.admissionregistration.v1alpha1.ExternalAdmissionHookConfiguration,ObjectMeta
optional_fields_linter_pointers,io.k8s.api.admissionregistration.v1alpha1.ExternalAdmissionHookConfiguration,ExternalAdmissionHooks
optional_fields_linter_pointers,io.k8s.api.admissionregistration.v1alpha1.ExternalAdmissionHookConfigurationList,ListMeta
optional_fields_linter_pointers,io.k8s.apiserver.pkg.apis.audit.v1alpha1.GroupResources,Group
optional_fields_linter_pointers,io.k8s.apiserver.pkg.apis.audit.v1alpha1.GroupResources,Resources
optional_fields_linter_pointers,io.k8s.apiserver.pkg.apis.audit.v1alpha1.GroupResources,ResourceNames
optional_fields_linter_pointers,io.k8s.api.imagepolicy.v1alpha1.ImageReview,ObjectMeta
optional_fields_linter_pointers,io.k8s.api.imagepolicy.v1alpha1.ImageReview,Status
optional_fields_linter_pointers,io.k8s.api.imagepolicy.v1alpha1.ImageReviewContainerSpec,Image
optional_fields_linter_pointers,io.k8s.api.imagepolicy.v1alpha1.ImageReviewSpec,Containers
optional_fields_linter_pointers,io.k8s.api.imagepolicy.v1alpha1.ImageReviewSpec,Annotations
optional_fields_linter_pointers,io.k8s.api.imagepolicy.v1alpha1.ImageReviewSpec,Namespace
optional_fields_linter_pointers,io.k8s.api.imagepolicy.v1alpha1.ImageReviewStatus,Reason
optional_fields_linter_pointers,io.k8s.api.admissionregistration.v1alpha1.Initializer,Rules
optional_fields_linter_pointers,io.k8s.api.admissionregistration.v1alpha1.InitializerConfiguration,ObjectMeta
optional_fields_linter_pointers,io.k8s.api.admissionregistration.v1alpha1.InitializerConfiguration,Initializers
optional_fields_linter_pointers,io.k8s.api.admissionregistration.v1alpha1.InitializerConfigurationList,ListMeta
optional_fields_linter_pointers,io.k8s.kubernetes.pkg.kubelet.apis.kubeletconfig.v1alpha1.KubeletConfiguration,CgroupDriver
optional_fields_linter_pointers,io.k8s.kubernetes.pkg.kubelet.apis.kubeletconfig.v1alpha1.KubeletConfiguration,ExperimentalMounterPath
optional_fields_linter_pointers,io.k8s.kubernetes.pkg.kubelet.apis.kubeletconfig.v1alpha1.KubeletConfiguration,AllowedUnsafeSysctls
optional_fields_linter_pointers,io.k8s.kubernetes.pkg.kubelet.apis.kubeletconfig.v1alpha1.KubeletConfiguration,FeatureGates
optional_fields_linter_pointers,io.k8s.kubernetes.pkg.kubelet.apis.kubeletconfig.v1alpha1.KubeletConfiguration,FailSwapOn
optional_fields_linter_pointers,io.k8s.kubernetes.pkg.kubelet.apis.kubeletconfig.v1alpha1.KubeletConfiguration,ExperimentalCheckNodeCapabilitiesBeforeMount
optional_fields_linter_pointers,io.k8s.kubernetes.pkg.kubelet.apis.kubeletconfig.v1alpha1.KubeletConfiguration,KeepTerminatedPodVolumes
optional_fields_linter_pointers,io.k8s.kubernetes.pkg.kubelet.apis.kubeletconfig.v1alpha1.KubeletConfiguration,SystemReservedCgroup
optional_fields_linter_pointers,io.k8s.kubernetes.pkg.kubelet.apis.kubeletconfig.v1alpha1.KubeletConfiguration,KubeReservedCgroup
optional_fields_linter_pointers,io.k8s.kubernetes.pkg.kubelet.apis.kubeletconfig.v1alpha1.KubeletConfiguration,ExperimentalNodeAllocatableIgnoreEvictionThreshold
optional_fields_linter_pointers,io.k8s.metrics.pkg.apis.metrics.v1alpha1.NodeMetrics,ObjectMeta
optional_fields_linter_pointers,io.k8s.metrics.pkg.apis.metrics.v1alpha1.NodeMetricsList,ListMeta
optional_fields_linter_pointers,io.k8s.apiserver.pkg.apis.audit.v1alpha1.ObjectReference,Resource
optional_fields_linter_pointers,io.k8s.apiserver.pkg.apis.audit.v1alpha1.ObjectReference,Namespace
optional_fields_linter_pointers,io.k8s.apiserver.pkg.apis.audit.v1alpha1.ObjectReference,Name
optional_fields_linter_pointers,io.k8s.apiserver.pkg.apis.audit.v1alpha1.ObjectReference,UID
optional_fields_linter_pointers,io.k8s.apiserver.pkg.apis.audit.v1alpha1.ObjectReference,APIVersion
optional_fields_linter_pointers,io.k8s.apiserver.pkg.apis.audit.v1alpha1.ObjectReference,ResourceVersion
optional_fields_linter_pointers,io.k8s.apiserver.pkg.apis.audit.v1alpha1.ObjectReference,Subresource
optional_fields_linter_pointers,io.k8s.apimachinery.pkg.apis.meta.v1alpha1.PartialObjectMetadata,ObjectMeta
optional_fields_linter_pointers,io.k8s.metrics.pkg.apis.metrics.v1alpha1.PodMetrics,ObjectMeta
optional_fields_linter_pointers,io.k8s.metrics.pkg.apis.metrics.v1alpha1.PodMetricsList,ListMeta
optional_fields_linter_pointers,io.k8s.api.settings.v1alpha1.PodPreset,ObjectMeta
optional_fields_linter_pointers,io.k8s.api.settings.v1alpha1.PodPreset,Spec
optional_fields_linter_pointers,io.k8s.api.settings.v1alpha1.PodPresetList,ListMeta
optional_fields_linter_pointers,io.k8s.api.settings.v1alpha1.PodPresetSpec,Selector
optional_fields_linter_pointers,io.k8s.api.settings.v1alpha1.PodPresetSpec,Env
optional_fields_linter_pointers,io.k8s.api.settings.v1alpha1.PodPresetSpec,EnvFrom
optional_fields_linter_pointers,io.k8s.api.settings.v1alpha1.PodPresetSpec,Volumes
optional_fields_linter_pointers,io.k8s.api.settings.v1alpha1.PodPresetSpec,VolumeMounts
optional_fields_linter_pointers,io.k8s.apiserver.pkg.apis.audit.v1alpha1.Policy,ObjectMeta
optional_fields_linter_pointers,io.k8s.apiserver.pkg.apis.audit.v1alpha1.PolicyList,ListMeta
optional_fields_linter_pointers,io.k8s.apiserver.pkg.apis.audit.v1alpha1.PolicyRule,Users
optional_fields_linter_pointers,io.k8s.apiserver.pkg.apis.audit.v1alpha1.PolicyRule,UserGroups
optional_fields_linter_pointers,io.k8s.apiserver.pkg.apis.audit.v1alpha1.PolicyRule,Verbs
optional_fields_linter_pointers,io.k8s.apiserver.pkg.apis.audit.v1alpha1.PolicyRule,Resources
optional_fields_linter_pointers,io.k8s.apiserver.pkg.apis.audit.v1alpha1.PolicyRule,Namespaces
optional_fields_linter_pointers,io.k8s.apiserver.pkg.apis.audit.v1alpha1.PolicyRule,NonResourceURLs
optional_fields_linter_pointers,io.k8s.apiserver.pkg.apis.audit.v1alpha1.PolicyRule,OmitStages
optional_fields_linter_pointers,io.k8s.api.rbac.v1alpha1.PolicyRule,APIGroups
optional_fields_linter_pointers,io.k8s.api.rbac.v1alpha1.PolicyRule,Resources
optional_fields_linter_pointers,io.k8s.api.rbac.v1alpha1.PolicyRule,ResourceNames
optional_fields_linter_pointers,io.k8s.api.rbac.v1alpha1.PolicyRule,NonResourceURLs
optional_fields_linter_pointers,io.k8s.api.scheduling.v1alpha1.PriorityClass,ObjectMeta
optional_fields_linter_pointers,io.k8s.api.scheduling.v1alpha1.PriorityClass,GlobalDefault
optional_fields_linter_pointers,io.k8s.api.scheduling.v1alpha1.PriorityClass,Description
optional_fields_linter_pointers,io.k8s.api.scheduling.v1alpha1.PriorityClassList,ListMeta
optional_fields_linter_pointers,io.k8s.api.rbac.v1alpha1.Role,ObjectMeta
optional_fields_linter_pointers,io.k8s.api.rbac.v1alpha1.RoleBinding,ObjectMeta
optional_fields_linter_pointers,io.k8s.api.rbac.v1alpha1.RoleBindingList,ListMeta
optional_fields_linter_pointers,io.k8s.api.rbac.v1alpha1.RoleList,ListMeta
optional_fields_linter_pointers,io.k8s.api.admissionregistration.v1alpha1.Rule,APIGroups
optional_fields_linter_pointers,io.k8s.api.admissionregistration.v1alpha1.Rule,APIVersions
optional_fields_linter_pointers,io.k8s.api.admissionregistration.v1alpha1.Rule,Resources
optional_fields_linter_pointers,io.k8s.api.admissionregistration.v1alpha1.RuleWithOperations,Operations
optional_fields_linter_pointers,io.k8s.api.rbac.v1alpha1.Subject,APIVersion
optional_fields_linter_pointers,io.k8s.api.rbac.v1alpha1.Subject,Namespace
optional_fields_linter_pointers,io.k8s.apimachinery.pkg.apis.meta.v1alpha1.Table,ListMeta
optional_fields_linter_pointers,io.k8s.apimachinery.pkg.apis.meta.v1alpha1.TableOptions,IncludeObject
optional_fields_linter_pointers,io.k8s.apimachinery.pkg.apis.meta.v1alpha1.TableRow,Conditions
optional_fields_linter_pointers,io.k8s.apimachinery.pkg.apis.meta.v1alpha1.TableRow,Object
optional_fields_linter_pointers,io.k8s.apimachinery.pkg.apis.meta.v1alpha1.TableRowCondition,Reason
optional_fields_linter_pointers,io.k8s.apimachinery.pkg.apis.meta.v1alpha1.TableRowCondition,Message
optional_fields_linter_pointers,io.k8s.kube-aggregator.pkg.apis.apiregistration.v1beta1.APIService,ObjectMeta
optional_fields_linter_pointers,io.k8s.kube-aggregator.pkg.apis.apiregistration.v1beta1.APIService,Spec
optional_fields_linter_pointers,io.k8s.kube-aggregator.pkg.apis.apiregistration.v1beta1.APIService,Status
optional_fields_linter_pointers,io.k8s.kube-aggregator.pkg.apis.apiregistration.v1beta1.APIServiceCondition,LastTransitionTime
optional_fields_linter_pointers,io.k8s.kube-aggregator.pkg.apis.apiregistration.v1beta1.APIServiceCondition,Reason
optional_fields_linter_pointers,io.k8s.kube-aggregator.pkg.apis.apiregistration.v1beta1.APIServiceCondition,Message
optional_fields_linter_pointers,io.k8s.kube-aggregator.pkg.apis.apiregistration.v1beta1.APIServiceList,ListMeta
optional_fields_linter_pointers,io.k8s.kube-aggregator.pkg.apis.apiregistration.v1beta1.APIServiceSpec,Group
optional_fields_linter_pointers,io.k8s.kube-aggregator.pkg.apis.apiregistration.v1beta1.APIServiceSpec,Version
optional_fields_linter_pointers,io.k8s.kube-aggregator.pkg.apis.apiregistration.v1beta1.APIServiceSpec,InsecureSkipTLSVerify
optional_fields_linter_pointers,io.k8s.kube-aggregator.pkg.apis.apiregistration.v1beta1.APIServiceStatus,Conditions
optional_fields_linter_pointers,io.k8s.api.extensions.v1beta1.APIVersion,Name
optional_fields_linter_pointers,io.k8s.api.extensions.v1beta1.AllowedHostPath,PathPrefix
optional_fields_linter_pointers,io.k8s.api.certificates.v1beta1.CertificateSigningRequest,ObjectMeta
optional_fields_linter_pointers,io.k8s.api.certificates.v1beta1.CertificateSigningRequest,Spec
optional_fields_linter_pointers,io.k8s.api.certificates.v1beta1.CertificateSigningRequest,Status
optional_fields_linter_pointers,io.k8s.api.certificates.v1beta1.CertificateSigningRequestCondition,Reason
optional_fields_linter_pointers,io.k8s.api.certificates.v1beta1.CertificateSigningRequestCondition,Message
optional_fields_linter_pointers,io.k8s.api.certificates.v1beta1.CertificateSigningRequestCondition,LastUpdateTime
optional_fields_linter_pointers,io.k8s.api.certificates.v1beta1.CertificateSigningRequestList,ListMeta
optional_fields_linter_pointers,io.k8s.api.certificates.v1beta1.CertificateSigningRequestSpec,Usages
optional_fields_linter_pointers,io.k8s.api.certificates.v1beta1.CertificateSigningRequestSpec,Username
optional_fields_linter_pointers,io.k8s.api.certificates.v1beta1.CertificateSigningRequestSpec,UID
optional_fields_linter_pointers,io.k8s.api.certificates.v1beta1.CertificateSigningRequestSpec,Groups
optional_fields_linter_pointers,io.k8s.api.certificates.v1beta1.CertificateSigningRequestSpec,Extra
optional_fields_linter_pointers,io.k8s.api.certificates.v1beta1.CertificateSigningRequestStatus,Conditions
optional_fields_linter_pointers,io.k8s.api.certificates.v1beta1.CertificateSigningRequestStatus,Certificate
optional_fields_linter_pointers,io.k8s.kubernetes.federation.apis.federation.v1beta1.Cluster,ObjectMeta
optional_fields_linter_pointers,io.k8s.kubernetes.federation.apis.federation.v1beta1.Cluster,Spec
optional_fields_linter_pointers,io.k8s.kubernetes.federation.apis.federation.v1beta1.Cluster,Status
optional_fields_linter_pointers,io.k8s.kubernetes.federation.apis.federation.v1beta1.ClusterCondition,LastProbeTime
optional_fields_linter_pointers,io.k8s.kubernetes.federation.apis.federation.v1beta1.ClusterCondition,LastTransitionTime
optional_fields_linter_pointers,io.k8s.kubernetes.federation.apis.federation.v1beta1.ClusterCondition,Reason
optional_fields_linter_pointers,io.k8s.kubernetes.federation.apis.federation.v1beta1.ClusterCondition,Message
optional_fields_linter_pointers,io.k8s.kubernetes.federation.apis.federation.v1beta1.ClusterList,ListMeta
optional_fields_linter_pointers,io.k8s.api.rbac.v1beta1.ClusterRole,ObjectMeta
optional_fields_linter_pointers,io.k8s.api.rbac.v1beta1.ClusterRoleBinding,ObjectMeta
optional_fields_linter_pointers,io.k8s.api.rbac.v1beta1.ClusterRoleBindingList,ListMeta
optional_fields_linter_pointers,io.k8s.api.rbac.v1beta1.ClusterRoleList,ListMeta
optional_fields_linter_pointers,io.k8s.kubernetes.federation.apis.federation.v1beta1.ClusterSelectorRequirement,Values
optional_fields_linter_pointers,io.k8s.kubernetes.federation.apis.federation.v1beta1.ClusterStatus,Conditions
optional_fields_linter_pointers,io.k8s.kubernetes.federation.apis.federation.v1beta1.ClusterStatus,Zones
optional_fields_linter_pointers,io.k8s.kubernetes.federation.apis.federation.v1beta1.ClusterStatus,Region
optional_fields_linter_pointers,io.k8s.api.apps.v1beta1.ControllerRevision,ObjectMeta
optional_fields_linter_pointers,io.k8s.api.apps.v1beta1.ControllerRevision,Data
optional_fields_linter_pointers,io.k8s.api.apps.v1beta1.ControllerRevisionList,ListMeta
optional_fields_linter_pointers,io.k8s.api.batch.v1beta1.CronJob,ObjectMeta
optional_fields_linter_pointers,io.k8s.api.batch.v1beta1.CronJob,Spec
optional_fields_linter_pointers,io.k8s.api.batch.v1beta1.CronJob,Status
optional_fields_linter_pointers,io.k8s.api.batch.v1beta1.CronJobList,ListMeta
optional_fields_linter_pointers,io.k8s.api.batch.v1beta1.CronJobSpec,ConcurrencyPolicy
optional_fields_linter_pointers,io.k8s.api.batch.v1beta1.CronJobStatus,Active
optional_fields_linter_pointers,io.k8s.apiextensions-apiserver.pkg.apis.apiextensions.v1beta1.CustomResourceDefinition,ObjectMeta
optional_fields_linter_pointers,io.k8s.apiextensions-apiserver.pkg.apis.apiextensions.v1beta1.CustomResourceDefinition,Spec
optional_fields_linter_pointers,io.k8s.apiextensions-apiserver.pkg.apis.apiextensions.v1beta1.CustomResourceDefinition,Status
optional_fields_linter_pointers,io.k8s.apiextensions-apiserver.pkg.apis.apiextensions.v1beta1.CustomResourceDefinitionCondition,LastTransitionTime
optional_fields_linter_pointers,io.k8s.apiextensions-apiserver.pkg.apis.apiextensions.v1beta1.CustomResourceDefinitionCondition,Reason
optional_fields_linter_pointers,io.k8s.apiextensions-apiserver.pkg.apis.apiextensions.v1beta1.CustomResourceDefinitionCondition,Message
optional_fields_linter_pointers,io.k8s.apiextensions-apiserver.pkg.apis.apiextensions.v1beta1.CustomResourceDefinitionList,ListMeta
optional_fields_linter_pointers,io.k8s.apiextensions-apiserver.pkg.apis.apiextensions.v1beta1.CustomResourceDefinitionNames,Singular
optional_fields_linter_pointers,io.k8s.apiextensions-apiserver.pkg.apis.apiextensions.v1beta1.CustomResourceDefinitionNames,ShortNames
optional_fields_linter_pointers,io.k8s.apiextensions-apiserver.pkg.apis.apiextensions.v1beta1.CustomResourceDefinitionNames,ListKind
optional_fields_linter_pointers,io.k8s.api.extensions.v1beta1.DaemonSet,ObjectMeta
optional_fields_linter_pointers,io.k8s.api.extensions.v1beta1.DaemonSet,Spec
optional_fields_linter_pointers,io.k8s.api.extensions.v1beta1.DaemonSet,Status
optional_fields_linter_pointers,io.k8s.api.extensions.v1beta1.DaemonSetList,ListMeta
optional_fields_linter_pointers,io.k8s.api.extensions.v1beta1.DaemonSetSpec,UpdateStrategy
optional_fields_linter_pointers,io.k8s.api.extensions.v1beta1.DaemonSetSpec,MinReadySeconds
optional_fields_linter_pointers,io.k8s.api.extensions.v1beta1.DaemonSetSpec,TemplateGeneration
optional_fields_linter_pointers,io.k8s.api.extensions.v1beta1.DaemonSetStatus,ObservedGeneration
optional_fields_linter_pointers,io.k8s.api.extensions.v1beta1.DaemonSetStatus,UpdatedNumberScheduled
optional_fields_linter_pointers,io.k8s.api.extensions.v1beta1.DaemonSetStatus,NumberAvailable
optional_fields_linter_pointers,io.k8s.api.extensions.v1beta1.DaemonSetStatus,NumberUnavailable
optional_fields_linter_pointers,io.k8s.api.extensions.v1beta1.DaemonSetUpdateStrategy,Type
optional_fields_linter_pointers,io.k8s.api.apps.v1beta1.Deployment,ObjectMeta
optional_fields_linter_pointers,io.k8s.api.apps.v1beta1.Deployment,Spec
optional_fields_linter_pointers,io.k8s.api.apps.v1beta1.Deployment,Status
optional_fields_linter_pointers,io.k8s.api.extensions.v1beta1.Deployment,ObjectMeta
optional_fields_linter_pointers,io.k8s.api.extensions.v1beta1.Deployment,Spec
optional_fields_linter_pointers,io.k8s.api.extensions.v1beta1.Deployment,Status
optional_fields_linter_pointers,io.k8s.api.apps.v1beta1.DeploymentCondition,LastUpdateTime
optional_fields_linter_pointers,io.k8s.api.apps.v1beta1.DeploymentCondition,LastTransitionTime
optional_fields_linter_pointers,io.k8s.api.apps.v1beta1.DeploymentCondition,Reason
optional_fields_linter_pointers,io.k8s.api.apps.v1beta1.DeploymentCondition,Message
optional_fields_linter_pointers,io.k8s.api.extensions.v1beta1.DeploymentCondition,LastUpdateTime
optional_fields_linter_pointers,io.k8s.api.extensions.v1beta1.DeploymentCondition,LastTransitionTime
optional_fields_linter_pointers,io.k8s.api.extensions.v1beta1.DeploymentCondition,Reason
optional_fields_linter_pointers,io.k8s.api.extensions.v1beta1.DeploymentCondition,Message
optional_fields_linter_pointers,io.k8s.api.extensions.v1beta1.DeploymentList,ListMeta
optional_fields_linter_pointers,io.k8s.api.apps.v1beta1.DeploymentList,ListMeta
optional_fields_linter_pointers,io.k8s.api.extensions.v1beta1.DeploymentRollback,UpdatedAnnotations
optional_fields_linter_pointers,io.k8s.api.apps.v1beta1.DeploymentRollback,UpdatedAnnotations
optional_fields_linter_pointers,io.k8s.api.apps.v1beta1.DeploymentSpec,Strategy
optional_fields_linter_pointers,io.k8s.api.apps.v1beta1.DeploymentSpec,MinReadySeconds
optional_fields_linter_pointers,io.k8s.api.apps.v1beta1.DeploymentSpec,Paused
optional_fields_linter_pointers,io.k8s.api.extensions.v1beta1.DeploymentSpec,Strategy
optional_fields_linter_pointers,io.k8s.api.extensions.v1beta1.DeploymentSpec,MinReadySeconds
optional_fields_linter_pointers,io.k8s.api.extensions.v1beta1.DeploymentSpec,Paused
optional_fields_linter_pointers,io.k8s.api.extensions.v1beta1.DeploymentStatus,ObservedGeneration
optional_fields_linter_pointers,io.k8s.api.extensions.v1beta1.DeploymentStatus,Replicas
optional_fields_linter_pointers,io.k8s.api.extensions.v1beta1.DeploymentStatus,UpdatedReplicas
optional_fields_linter_pointers,io.k8s.api.extensions.v1beta1.DeploymentStatus,ReadyReplicas
optional_fields_linter_pointers,io.k8s.api.extensions.v1beta1.DeploymentStatus,AvailableReplicas
optional_fields_linter_pointers,io.k8s.api.extensions.v1beta1.DeploymentStatus,UnavailableReplicas
optional_fields_linter_pointers,io.k8s.api.extensions.v1beta1.DeploymentStatus,Conditions
optional_fields_linter_pointers,io.k8s.api.apps.v1beta1.DeploymentStatus,ObservedGeneration
optional_fields_linter_pointers,io.k8s.api.apps.v1beta1.DeploymentStatus,Replicas
optional_fields_linter_pointers,io.k8s.api.apps.v1beta1.DeploymentStatus,UpdatedReplicas
optional_fields_linter_pointers,io.k8s.api.apps.v1beta1.DeploymentStatus,ReadyReplicas
optional_fields_linter_pointers,io.k8s.api.apps.v1beta1.DeploymentStatus,AvailableReplicas
optional_fields_linter_pointers,io.k8s.api.apps.v1beta1.DeploymentStatus,UnavailableReplicas
optional_fields_linter_pointers,io.k8s.api.apps.v1beta1.DeploymentStatus,Conditions
optional_fields_linter_pointers,io.k8s.api.extensions.v1beta1.DeploymentStrategy,Type
optional_fields_linter_pointers,io.k8s.api.apps.v1beta1.DeploymentStrategy,Type
optional_fields_linter_pointers,io.k8s.apiserver.pkg.apis.audit.v1beta1.Event,ObjectMeta
optional_fields_linter_pointers,io.k8s.apiserver.pkg.apis.audit.v1beta1.Event,SourceIPs
optional_fields_linter_pointers,io.k8s.apiserver.pkg.apis.audit.v1beta1.EventList,ListMeta
optional_fields_linter_pointers,io.k8s.api.policy.v1beta1.Eviction,ObjectMeta
optional_fields_linter_pointers,io.k8s.apiextensions-apiserver.pkg.apis.apiextensions.v1beta1.ExternalDocumentation,Description
optional_fields_linter_pointers,io.k8s.apiextensions-apiserver.pkg.apis.apiextensions.v1beta1.ExternalDocumentation,URL
optional_fields_linter_pointers,io.k8s.api.extensions.v1beta1.FSGroupStrategyOptions,Rule
optional_fields_linter_pointers,io.k8s.api.extensions.v1beta1.FSGroupStrategyOptions,Ranges
optional_fields_linter_pointers,io.k8s.apiserver.pkg.apis.audit.v1beta1.GroupResources,Group
optional_fields_linter_pointers,io.k8s.apiserver.pkg.apis.audit.v1beta1.GroupResources,Resources
optional_fields_linter_pointers,io.k8s.apiserver.pkg.apis.audit.v1beta1.GroupResources,ResourceNames
optional_fields_linter_pointers,io.k8s.api.extensions.v1beta1.HTTPIngressPath,Path
optional_fields_linter_pointers,io.k8s.api.extensions.v1beta1.IPBlock,Except
optional_fields_linter_pointers,io.k8s.api.extensions.v1beta1.Ingress,ObjectMeta
optional_fields_linter_pointers,io.k8s.api.extensions.v1beta1.Ingress,Spec
optional_fields_linter_pointers,io.k8s.api.extensions.v1beta1.Ingress,Status
optional_fields_linter_pointers,io.k8s.api.extensions.v1beta1.IngressList,ListMeta
optional_fields_linter_pointers,io.k8s.api.extensions.v1beta1.IngressRule,Host
optional_fields_linter_pointers,io.k8s.api.extensions.v1beta1.IngressRule,IngressRuleValue
optional_fields_linter_pointers,io.k8s.api.extensions.v1beta1.IngressSpec,TLS
optional_fields_linter_pointers,io.k8s.api.extensions.v1beta1.IngressSpec,Rules
optional_fields_linter_pointers,io.k8s.api.extensions.v1beta1.IngressStatus,LoadBalancer
optional_fields_linter_pointers,io.k8s.api.extensions.v1beta1.IngressTLS,Hosts
optional_fields_linter_pointers,io.k8s.api.extensions.v1beta1.IngressTLS,SecretName
optional_fields_linter_pointers,io.k8s.apiextensions-apiserver.pkg.apis.apiextensions.v1beta1.JSONSchemaProps,ID
optional_fields_linter_pointers,io.k8s.apiextensions-apiserver.pkg.apis.apiextensions.v1beta1.JSONSchemaProps,Schema
optional_fields_linter_pointers,io.k8s.apiextensions-apiserver.pkg.apis.apiextensions.v1beta1.JSONSchemaProps,Description
optional_fields_linter_pointers,io.k8s.apiextensions-apiserver.pkg.apis.apiextensions.v1beta1.JSONSchemaProps,Type
optional_fields_linter_pointers,io.k8s.apiextensions-apiserver.pkg.apis.apiextensions.v1beta1.JSONSchemaProps,Format
optional_fields_linter_pointers,io.k8s.apiextensions-apiserver.pkg.apis.apiextensions.v1beta1.JSONSchemaProps,Title
optional_fields_linter_pointers,io.k8s.apiextensions-apiserver.pkg.apis.apiextensions.v1beta1.JSONSchemaProps,ExclusiveMaximum
optional_fields_linter_pointers,io.k8s.apiextensions-apiserver.pkg.apis.apiextensions.v1beta1.JSONSchemaProps,ExclusiveMinimum
optional_fields_linter_pointers,io.k8s.apiextensions-apiserver.pkg.apis.apiextensions.v1beta1.JSONSchemaProps,Pattern
optional_fields_linter_pointers,io.k8s.apiextensions-apiserver.pkg.apis.apiextensions.v1beta1.JSONSchemaProps,UniqueItems
optional_fields_linter_pointers,io.k8s.apiextensions-apiserver.pkg.apis.apiextensions.v1beta1.JSONSchemaProps,Enum
optional_fields_linter_pointers,io.k8s.apiextensions-apiserver.pkg.apis.apiextensions.v1beta1.JSONSchemaProps,Required
optional_fields_linter_pointers,io.k8s.apiextensions-apiserver.pkg.apis.apiextensions.v1beta1.JSONSchemaProps,AllOf
optional_fields_linter_pointers,io.k8s.apiextensions-apiserver.pkg.apis.apiextensions.v1beta1.JSONSchemaProps,OneOf
optional_fields_linter_pointers,io.k8s.apiextensions-apiserver.pkg.apis.apiextensions.v1beta1.JSONSchemaProps,AnyOf
optional_fields_linter_pointers,io.k8s.apiextensions-apiserver.pkg.apis.apiextensions.v1beta1.JSONSchemaProps,Properties
optional_fields_linter_pointers,io.k8s.apiextensions-apiserver.pkg.apis.apiextensions.v1beta1.JSONSchemaProps,PatternProperties
optional_fields_linter_pointers,io.k8s.apiextensions-apiserver.pkg.apis.apiextensions.v1beta1.JSONSchemaProps,Dependencies
optional_fields_linter_pointers,io.k8s.apiextensions-apiserver.pkg.apis.apiextensions.v1beta1.JSONSchemaProps,Definitions
optional_fields_linter_pointers,io.k8s.api.batch.v1beta1.JobTemplate,ObjectMeta
optional_fields_linter_pointers,io.k8s.api.batch.v1beta1.JobTemplate,Template
optional_fields_linter_pointers,io.k8s.api.batch.v1beta1.JobTemplateSpec,ObjectMeta
optional_fields_linter_pointers,io.k8s.api.batch.v1beta1.JobTemplateSpec,Spec
optional_fields_linter_pointers,io.k8s.api.authorization.v1beta1.LocalSubjectAccessReview,ObjectMeta
optional_fields_linter_pointers,io.k8s.api.authorization.v1beta1.LocalSubjectAccessReview,Status
optional_fields_linter_pointers,io.k8s.metrics.pkg.apis.custom_metrics.v1beta1.MetricValueList,ListMeta
optional_fields_linter_pointers,io.k8s.api.extensions.v1beta1.NetworkPolicy,ObjectMeta
optional_fields_linter_pointers,io.k8s.api.extensions.v1beta1.NetworkPolicy,Spec
optional_fields_linter_pointers,io.k8s.api.extensions.v1beta1.NetworkPolicyEgressRule,Ports
optional_fields_linter_pointers,io.k8s.api.extensions.v1beta1.NetworkPolicyEgressRule,To
optional_fields_linter_pointers,io.k8s.api.extensions.v1beta1.NetworkPolicyIngressRule,Ports
optional_fields_linter_pointers,io.k8s.api.extensions.v1beta1.NetworkPolicyIngressRule,From
optional_fields_linter_pointers,io.k8s.api.extensions.v1beta1.NetworkPolicyList,ListMeta
optional_fields_linter_pointers,io.k8s.api.extensions.v1beta1.NetworkPolicySpec,Ingress
optional_fields_linter_pointers,io.k8s.api.extensions.v1beta1.NetworkPolicySpec,Egress
optional_fields_linter_pointers,io.k8s.api.extensions.v1beta1.NetworkPolicySpec,PolicyTypes
optional_fields_linter_pointers,io.k8s.metrics.pkg.apis.metrics.v1beta1.NodeMetrics,ObjectMeta
optional_fields_linter_pointers,io.k8s.metrics.pkg.apis.metrics.v1beta1.NodeMetricsList,ListMeta
optional_fields_linter_pointers,io.k8s.api.authorization.v1beta1.NonResourceAttributes,Path
optional_fields_linter_pointers,io.k8s.api.authorization.v1beta1.NonResourceAttributes,Verb
optional_fields_linter_pointers,io.k8s.api.authorization.v1beta1.NonResourceRule,NonResourceURLs
optional_fields_linter_pointers,io.k8s.apiserver.pkg.apis.audit.v1beta1.ObjectReference,Resource
optional_fields_linter_pointers,io.k8s.apiserver.pkg.apis.audit.v1beta1.ObjectReference,Namespace
optional_fields_linter_pointers,io.k8s.apiserver.pkg.apis.audit.v1beta1.ObjectReference,Name
optional_fields_linter_pointers,io.k8s.apiserver.pkg.apis.audit.v1beta1.ObjectReference,UID
optional_fields_linter_pointers,io.k8s.apiserver.pkg.apis.audit.v1beta1.ObjectReference,APIGroup
optional_fields_linter_pointers,io.k8s.apiserver.pkg.apis.audit.v1beta1.ObjectReference,APIVersion
optional_fields_linter_pointers,io.k8s.apiserver.pkg.apis.audit.v1beta1.ObjectReference,ResourceVersion
optional_fields_linter_pointers,io.k8s.apiserver.pkg.apis.audit.v1beta1.ObjectReference,Subresource
optional_fields_linter_pointers,io.k8s.api.policy.v1beta1.PodDisruptionBudget,ObjectMeta
optional_fields_linter_pointers,io.k8s.api.policy.v1beta1.PodDisruptionBudget,Spec
optional_fields_linter_pointers,io.k8s.api.policy.v1beta1.PodDisruptionBudget,Status
optional_fields_linter_pointers,io.k8s.api.policy.v1beta1.PodDisruptionBudgetList,ListMeta
optional_fields_linter_pointers,io.k8s.api.policy.v1beta1.PodDisruptionBudgetStatus,ObservedGeneration
optional_fields_linter_pointers,io.k8s.metrics.pkg.apis.metrics.v1beta1.PodMetrics,ObjectMeta
optional_fields_linter_pointers,io.k8s.metrics.pkg.apis.metrics.v1beta1.PodMetricsList,ListMeta
optional_fields_linter_pointers,io.k8s.api.extensions.v1beta1.PodSecurityPolicy,ObjectMeta
optional_fields_linter_pointers,io.k8s.api.extensions.v1beta1.PodSecurityPolicy,Spec
optional_fields_linter_pointers,io.k8s.api.extensions.v1beta1.PodSecurityPolicyList,ListMeta
optional_fields_linter_pointers,io.k8s.api.extensions.v1beta1.PodSecurityPolicySpec,Privileged
optional_fields_linter_pointers,io.k8s.api.extensions.v1beta1.PodSecurityPolicySpec,DefaultAddCapabilities
optional_fields_linter_pointers,io.k8s.api.extensions.v1beta1.PodSecurityPolicySpec,RequiredDropCapabilities
optional_fields_linter_pointers,io.k8s.api.extensions.v1beta1.PodSecurityPolicySpec,AllowedCapabilities
optional_fields_linter_pointers,io.k8s.api.extensions.v1beta1.PodSecurityPolicySpec,Volumes
optional_fields_linter_pointers,io.k8s.api.extensions.v1beta1.PodSecurityPolicySpec,HostNetwork
optional_fields_linter_pointers,io.k8s.api.extensions.v1beta1.PodSecurityPolicySpec,HostPorts
optional_fields_linter_pointers,io.k8s.api.extensions.v1beta1.PodSecurityPolicySpec,HostPID
optional_fields_linter_pointers,io.k8s.api.extensions.v1beta1.PodSecurityPolicySpec,HostIPC
optional_fields_linter_pointers,io.k8s.api.extensions.v1beta1.PodSecurityPolicySpec,ReadOnlyRootFilesystem
optional_fields_linter_pointers,io.k8s.api.extensions.v1beta1.PodSecurityPolicySpec,AllowPrivilegeEscalation
optional_fields_linter_pointers,io.k8s.api.extensions.v1beta1.PodSecurityPolicySpec,AllowedHostPaths
optional_fields_linter_pointers,io.k8s.apiserver.pkg.apis.audit.v1beta1.Policy,ObjectMeta
optional_fields_linter_pointers,io.k8s.apiserver.pkg.apis.audit.v1beta1.PolicyList,ListMeta
optional_fields_linter_pointers,io.k8s.api.rbac.v1beta1.PolicyRule,APIGroups
optional_fields_linter_pointers,io.k8s.api.rbac.v1beta1.PolicyRule,Resources
optional_fields_linter_pointers,io.k8s.api.rbac.v1beta1.PolicyRule,ResourceNames
optional_fields_linter_pointers,io.k8s.api.rbac.v1beta1.PolicyRule,NonResourceURLs
optional_fields_linter_pointers,io.k8s.apiserver.pkg.apis.audit.v1beta1.PolicyRule,Users
optional_fields_linter_pointers,io.k8s.apiserver.pkg.apis.audit.v1beta1.PolicyRule,UserGroups
optional_fields_linter_pointers,io.k8s.apiserver.pkg.apis.audit.v1beta1.PolicyRule,Verbs
optional_fields_linter_pointers,io.k8s.apiserver.pkg.apis.audit.v1beta1.PolicyRule,Resources
optional_fields_linter_pointers,io.k8s.apiserver.pkg.apis.audit.v1beta1.PolicyRule,Namespaces
optional_fields_linter_pointers,io.k8s.apiserver.pkg.apis.audit.v1beta1.PolicyRule,NonResourceURLs
optional_fields_linter_pointers,io.k8s.apiserver.pkg.apis.audit.v1beta1.PolicyRule,OmitStages
optional_fields_linter_pointers,io.k8s.kubernetes.pkg.apis.abac.v1beta1.PolicySpec,User
optional_fields_linter_pointers,io.k8s.kubernetes.pkg.apis.abac.v1beta1.PolicySpec,Group
optional_fields_linter_pointers,io.k8s.kubernetes.pkg.apis.abac.v1beta1.PolicySpec,Readonly
optional_fields_linter_pointers,io.k8s.kubernetes.pkg.apis.abac.v1beta1.PolicySpec,APIGroup
optional_fields_linter_pointers,io.k8s.kubernetes.pkg.apis.abac.v1beta1.PolicySpec,Resource
optional_fields_linter_pointers,io.k8s.kubernetes.pkg.apis.abac.v1beta1.PolicySpec,Namespace
optional_fields_linter_pointers,io.k8s.kubernetes.pkg.apis.abac.v1beta1.PolicySpec,NonResourcePath
optional_fields_linter_pointers,io.k8s.api.extensions.v1beta1.ReplicaSet,ObjectMeta
optional_fields_linter_pointers,io.k8s.api.extensions.v1beta1.ReplicaSet,Spec
optional_fields_linter_pointers,io.k8s.api.extensions.v1beta1.ReplicaSet,Status
optional_fields_linter_pointers,io.k8s.api.extensions.v1beta1.ReplicaSetCondition,LastTransitionTime
optional_fields_linter_pointers,io.k8s.api.extensions.v1beta1.ReplicaSetCondition,Reason
optional_fields_linter_pointers,io.k8s.api.extensions.v1beta1.ReplicaSetCondition,Message
optional_fields_linter_pointers,io.k8s.api.extensions.v1beta1.ReplicaSetList,ListMeta
optional_fields_linter_pointers,io.k8s.api.extensions.v1beta1.ReplicaSetSpec,MinReadySeconds
optional_fields_linter_pointers,io.k8s.api.extensions.v1beta1.ReplicaSetSpec,Template
optional_fields_linter_pointers,io.k8s.api.extensions.v1beta1.ReplicaSetStatus,FullyLabeledReplicas
optional_fields_linter_pointers,io.k8s.api.extensions.v1beta1.ReplicaSetStatus,ReadyReplicas
optional_fields_linter_pointers,io.k8s.api.extensions.v1beta1.ReplicaSetStatus,AvailableReplicas
optional_fields_linter_pointers,io.k8s.api.extensions.v1beta1.ReplicaSetStatus,ObservedGeneration
optional_fields_linter_pointers,io.k8s.api.extensions.v1beta1.ReplicaSetStatus,Conditions
optional_fields_linter_pointers,io.k8s.api.authorization.v1beta1.ResourceAttributes,Namespace
optional_fields_linter_pointers,io.k8s.api.authorization.v1beta1.ResourceAttributes,Verb
optional_fields_linter_pointers,io.k8s.api.authorization.v1beta1.ResourceAttributes,Group
optional_fields_linter_pointers,io.k8s.api.authorization.v1beta1.ResourceAttributes,Version
optional_fields_linter_pointers,io.k8s.api.authorization.v1beta1.ResourceAttributes,Resource
optional_fields_linter_pointers,io.k8s.api.authorization.v1beta1.ResourceAttributes,Subresource
optional_fields_linter_pointers,io.k8s.api.authorization.v1beta1.ResourceAttributes,Name
optional_fields_linter_pointers,io.k8s.api.authorization.v1beta1.ResourceRule,APIGroups
optional_fields_linter_pointers,io.k8s.api.authorization.v1beta1.ResourceRule,Resources
optional_fields_linter_pointers,io.k8s.api.authorization.v1beta1.ResourceRule,ResourceNames
optional_fields_linter_pointers,io.k8s.api.rbac.v1beta1.Role,ObjectMeta
optional_fields_linter_pointers,io.k8s.api.rbac.v1beta1.RoleBinding,ObjectMeta
optional_fields_linter_pointers,io.k8s.api.rbac.v1beta1.RoleBindingList,ListMeta
optional_fields_linter_pointers,io.k8s.api.rbac.v1beta1.RoleList,ListMeta
optional_fields_linter_pointers,io.k8s.api.extensions.v1beta1.RollbackConfig,Revision
optional_fields_linter_pointers,io.k8s.api.apps.v1beta1.RollbackConfig,Revision
optional_fields_linter_pointers,io.k8s.api.extensions.v1beta1.RunAsUserStrategyOptions,Ranges
optional_fields_linter_pointers,io.k8s.api.apps.v1beta1.Scale,ObjectMeta
optional_fields_linter_pointers,io.k8s.api.apps.v1beta1.Scale,Spec
optional_fields_linter_pointers,io.k8s.api.apps.v1beta1.Scale,Status
optional_fields_linter_pointers,io.k8s.api.extensions.v1beta1.Scale,ObjectMeta
optional_fields_linter_pointers,io.k8s.api.extensions.v1beta1.Scale,Spec
optional_fields_linter_pointers,io.k8s.api.extensions.v1beta1.Scale,Status
optional_fields_linter_pointers,io.k8s.api.apps.v1beta1.ScaleSpec,Replicas
optional_fields_linter_pointers,io.k8s.api.extensions.v1beta1.ScaleSpec,Replicas
optional_fields_linter_pointers,io.k8s.api.apps.v1beta1.ScaleStatus,Selector
optional_fields_linter_pointers,io.k8s.api.apps.v1beta1.ScaleStatus,TargetSelector
optional_fields_linter_pointers,io.k8s.api.extensions.v1beta1.ScaleStatus,Selector
optional_fields_linter_pointers,io.k8s.api.extensions.v1beta1.ScaleStatus,TargetSelector
optional_fields_linter_pointers,io.k8s.api.authorization.v1beta1.SelfSubjectAccessReview,ObjectMeta
optional_fields_linter_pointers,io.k8s.api.authorization.v1beta1.SelfSubjectAccessReview,Status
optional_fields_linter_pointers,io.k8s.api.authorization.v1beta1.SelfSubjectRulesReview,ObjectMeta
optional_fields_linter_pointers,io.k8s.api.authorization.v1beta1.SelfSubjectRulesReview,Status
optional_fields_linter_pointers,io.k8s.api.authorization.v1beta1.SelfSubjectRulesReviewSpec,Namespace
optional_fields_linter_pointers,io.k8s.kube-aggregator.pkg.apis.apiregistration.v1beta1.ServiceReference,Namespace
optional_fields_linter_pointers,io.k8s.kube-aggregator.pkg.apis.apiregistration.v1beta1.ServiceReference,Name
optional_fields_linter_pointers,io.k8s.api.apps.v1beta1.StatefulSet,ObjectMeta
optional_fields_linter_pointers,io.k8s.api.apps.v1beta1.StatefulSet,Spec
optional_fields_linter_pointers,io.k8s.api.apps.v1beta1.StatefulSet,Status
optional_fields_linter_pointers,io.k8s.api.apps.v1beta1.StatefulSetList,ListMeta
optional_fields_linter_pointers,io.k8s.api.apps.v1beta1.StatefulSetSpec,VolumeClaimTemplates
optional_fields_linter_pointers,io.k8s.api.apps.v1beta1.StatefulSetSpec,PodManagementPolicy
optional_fields_linter_pointers,io.k8s.api.apps.v1beta1.StatefulSetSpec,UpdateStrategy
optional_fields_linter_pointers,io.k8s.api.apps.v1beta1.StatefulSetStatus,ReadyReplicas
optional_fields_linter_pointers,io.k8s.api.apps.v1beta1.StatefulSetStatus,CurrentReplicas
optional_fields_linter_pointers,io.k8s.api.apps.v1beta1.StatefulSetStatus,UpdatedReplicas
optional_fields_linter_pointers,io.k8s.api.apps.v1beta1.StatefulSetStatus,CurrentRevision
optional_fields_linter_pointers,io.k8s.api.apps.v1beta1.StatefulSetStatus,UpdateRevision
optional_fields_linter_pointers,io.k8s.api.apps.v1beta1.StatefulSetUpdateStrategy,Type
optional_fields_linter_pointers,io.k8s.api.storage.v1beta1.StorageClass,ObjectMeta
optional_fields_linter_pointers,io.k8s.api.storage.v1beta1.StorageClass,Parameters
optional_fields_linter_pointers,io.k8s.api.storage.v1beta1.StorageClass,MountOptions
optional_fields_linter_pointers,io.k8s.api.storage.v1beta1.StorageClassList,ListMeta
optional_fields_linter_pointers,io.k8s.api.rbac.v1beta1.Subject,APIGroup
optional_fields_linter_pointers,io.k8s.api.rbac.v1beta1.Subject,Namespace
optional_fields_linter_pointers,io.k8s.api.authorization.v1beta1.SubjectAccessReview,ObjectMeta
optional_fields_linter_pointers,io.k8s.api.authorization.v1beta1.SubjectAccessReview,Status
optional_fields_linter_pointers,io.k8s.api.authorization.v1beta1.SubjectAccessReviewSpec,User
optional_fields_linter_pointers,io.k8s.api.authorization.v1beta1.SubjectAccessReviewSpec,Groups
optional_fields_linter_pointers,io.k8s.api.authorization.v1beta1.SubjectAccessReviewSpec,Extra
optional_fields_linter_pointers,io.k8s.api.authorization.v1beta1.SubjectAccessReviewSpec,UID
optional_fields_linter_pointers,io.k8s.api.authorization.v1beta1.SubjectAccessReviewStatus,Reason
optional_fields_linter_pointers,io.k8s.api.authorization.v1beta1.SubjectAccessReviewStatus,EvaluationError
optional_fields_linter_pointers,io.k8s.api.authorization.v1beta1.SubjectRulesReviewStatus,EvaluationError
optional_fields_linter_pointers,io.k8s.api.extensions.v1beta1.SupplementalGroupsStrategyOptions,Rule
optional_fields_linter_pointers,io.k8s.api.extensions.v1beta1.SupplementalGroupsStrategyOptions,Ranges
optional_fields_linter_pointers,io.k8s.api.extensions.v1beta1.ThirdPartyResource,ObjectMeta
optional_fields_linter_pointers,io.k8s.api.extensions.v1beta1.ThirdPartyResource,Description
optional_fields_linter_pointers,io.k8s.api.extensions.v1beta1.ThirdPartyResource,Versions
optional_fields_linter_pointers,io.k8s.api.extensions.v1beta1.ThirdPartyResourceData,ObjectMeta
optional_fields_linter_pointers,io.k8s.api.extensions.v1beta1.ThirdPartyResourceData,Data
optional_fields_linter_pointers,io.k8s.api.extensions.v1beta1.ThirdPartyResourceDataList,ListMeta
optional_fields_linter_pointers,io.k8s.api.extensions.v1beta1.ThirdPartyResourceList,ListMeta
optional_fields_linter_pointers,io.k8s.api.authentication.v1beta1.TokenReview,ObjectMeta
optional_fields_linter_pointers,io.k8s.api.authentication.v1beta1.TokenReview,Status
optional_fields_linter_pointers,io.k8s.api.authentication.v1beta1.TokenReviewSpec,Token
optional_fields_linter_pointers,io.k8s.api.authentication.v1beta1.TokenReviewStatus,Authenticated
optional_fields_linter_pointers,io.k8s.api.authentication.v1beta1.TokenReviewStatus,User
optional_fields_linter_pointers,io.k8s.api.authentication.v1beta1.TokenReviewStatus,Error
optional_fields_linter_pointers,io.k8s.api.authentication.v1beta1.UserInfo,Username
optional_fields_linter_pointers,io.k8s.api.authentication.v1beta1.UserInfo,UID
optional_fields_linter_pointers,io.k8s.api.authentication.v1beta1.UserInfo,Groups
optional_fields_linter_pointers,io.k8s.api.authentication.v1beta1.UserInfo,Extra
optional_fields_linter_pointers,io.k8s.api.apps.v1beta2.ControllerRevision,ObjectMeta
optional_fields_linter_pointers,io.k8s.api.apps.v1beta2.ControllerRevision,Data
optional_fields_linter_pointers,io.k8s.api.apps.v1beta2.ControllerRevisionList,ListMeta
optional_fields_linter_pointers,io.k8s.api.apps.v1beta2.DaemonSet,ObjectMeta
optional_fields_linter_pointers,io.k8s.api.apps.v1beta2.DaemonSet,Spec
optional_fields_linter_pointers,io.k8s.api.apps.v1beta2.DaemonSet,Status
optional_fields_linter_pointers,io.k8s.api.apps.v1beta2.DaemonSetList,ListMeta
optional_fields_linter_pointers,io.k8s.api.apps.v1beta2.DaemonSetSpec,UpdateStrategy
optional_fields_linter_pointers,io.k8s.api.apps.v1beta2.DaemonSetSpec,MinReadySeconds
optional_fields_linter_pointers,io.k8s.api.apps.v1beta2.DaemonSetStatus,ObservedGeneration
optional_fields_linter_pointers,io.k8s.api.apps.v1beta2.DaemonSetStatus,UpdatedNumberScheduled
optional_fields_linter_pointers,io.k8s.api.apps.v1beta2.DaemonSetStatus,NumberAvailable
optional_fields_linter_pointers,io.k8s.api.apps.v1beta2.DaemonSetStatus,NumberUnavailable
optional_fields_linter_pointers,io.k8s.api.apps.v1beta2.DaemonSetUpdateStrategy,Type
optional_fields_linter_pointers,io.k8s.api.apps.v1beta2.Deployment,ObjectMeta
optional_fields_linter_pointers,io.k8s.api.apps.v1beta2.Deployment,Spec
optional_fields_linter_pointers,io.k8s.api.apps.v1beta2.Deployment,Status
optional_fields_linter_pointers,io.k8s.api.apps.v1beta2.DeploymentCondition,LastUpdateTime
optional_fields_linter_pointers,io.k8s.api.apps.v1beta2.DeploymentCondition,LastTransitionTime
optional_fields_linter_pointers,io.k8s.api.apps.v1beta2.DeploymentCondition,Reason
optional_fields_linter_pointers,io.k8s.api.apps.v1beta2.DeploymentCondition,Message
optional_fields_linter_pointers,io.k8s.api.apps.v1beta2.DeploymentList,ListMeta
optional_fields_linter_pointers,io.k8s.api.apps.v1beta2.DeploymentSpec,Strategy
optional_fields_linter_pointers,io.k8s.api.apps.v1beta2.DeploymentSpec,MinReadySeconds
optional_fields_linter_pointers,io.k8s.api.apps.v1beta2.DeploymentSpec,Paused
optional_fields_linter_pointers,io.k8s.api.apps.v1beta2.DeploymentStatus,ObservedGeneration
optional_fields_linter_pointers,io.k8s.api.apps.v1beta2.DeploymentStatus,Replicas
optional_fields_linter_pointers,io.k8s.api.apps.v1beta2.DeploymentStatus,UpdatedReplicas
optional_fields_linter_pointers,io.k8s.api.apps.v1beta2.DeploymentStatus,ReadyReplicas
optional_fields_linter_pointers,io.k8s.api.apps.v1beta2.DeploymentStatus,AvailableReplicas
optional_fields_linter_pointers,io.k8s.api.apps.v1beta2.DeploymentStatus,UnavailableReplicas
optional_fields_linter_pointers,io.k8s.api.apps.v1beta2.DeploymentStatus,Conditions
optional_fields_linter_pointers,io.k8s.api.apps.v1beta2.DeploymentStrategy,Type
optional_fields_linter_pointers,io.k8s.api.apps.v1beta2.ReplicaSet,ObjectMeta
optional_fields_linter_pointers,io.k8s.api.apps.v1beta2.ReplicaSet,Spec
optional_fields_linter_pointers,io.k8s.api.apps.v1beta2.ReplicaSet,Status
optional_fields_linter_pointers,io.k8s.api.apps.v1beta2.ReplicaSetCondition,LastTransitionTime
optional_fields_linter_pointers,io.k8s.api.apps.v1beta2.ReplicaSetCondition,Reason
optional_fields_linter_pointers,io.k8s.api.apps.v1beta2.ReplicaSetCondition,Message
optional_fields_linter_pointers,io.k8s.api.apps.v1beta2.ReplicaSetList,ListMeta
optional_fields_linter_pointers,io.k8s.api.apps.v1beta2.ReplicaSetSpec,MinReadySeconds
optional_fields_linter_pointers,io.k8s.api.apps.v1beta2.ReplicaSetSpec,Template
optional_fields_linter_pointers,io.k8s.api.apps.v1beta2.ReplicaSetStatus,FullyLabeledReplicas
optional_fields_linter_pointers,io.k8s.api.apps.v1beta2.ReplicaSetStatus,ReadyReplicas
optional_fields_linter_pointers,io.k8s.api.apps.v1beta2.ReplicaSetStatus,AvailableReplicas
optional_fields_linter_pointers,io.k8s.api.apps.v1beta2.ReplicaSetStatus,ObservedGeneration
optional_fields_linter_pointers,io.k8s.api.apps.v1beta2.ReplicaSetStatus,Conditions
optional_fields_linter_pointers,io.k8s.api.apps.v1beta2.Scale,ObjectMeta
optional_fields_linter_pointers,io.k8s.api.apps.v1beta2.Scale,Spec
optional_fields_linter_pointers,io.k8s.api.apps.v1beta2.Scale,Status
optional_fields_linter_pointers,io.k8s.api.apps.v1beta2.ScaleSpec,Replicas
optional_fields_linter_pointers,io.k8s.api.apps.v1beta2.ScaleStatus,Selector
optional_fields_linter_pointers,io.k8s.api.apps.v1beta2.ScaleStatus,TargetSelector
optional_fields_linter_pointers,io.k8s.api.apps.v1beta2.StatefulSet,ObjectMeta
optional_fields_linter_pointers,io.k8s.api.apps.v1beta2.StatefulSet,Spec
optional_fields_linter_pointers,io.k8s.api.apps.v1beta2.StatefulSet,Status
optional_fields_linter_pointers,io.k8s.api.apps.v1beta2.StatefulSetList,ListMeta
optional_fields_linter_pointers,io.k8s.api.apps.v1beta2.StatefulSetSpec,VolumeClaimTemplates
optional_fields_linter_pointers,io.k8s.api.apps.v1beta2.StatefulSetSpec,PodManagementPolicy
optional_fields_linter_pointers,io.k8s.api.apps.v1beta2.StatefulSetSpec,UpdateStrategy
optional_fields_linter_pointers,io.k8s.api.apps.v1beta2.StatefulSetStatus,ObservedGeneration
optional_fields_linter_pointers,io.k8s.api.apps.v1beta2.StatefulSetStatus,ReadyReplicas
optional_fields_linter_pointers,io.k8s.api.apps.v1beta2.StatefulSetStatus,CurrentReplicas
optional_fields_linter_pointers,io.k8s.api.apps.v1beta2.StatefulSetStatus,UpdatedReplicas
optional_fields_linter_pointers,io.k8s.api.apps.v1beta2.StatefulSetStatus,CurrentRevision
optional_fields_linter_pointers,io.k8s.api.apps.v1beta2.StatefulSetStatus,UpdateRevision
optional_fields_linter_pointers,io.k8s.api.apps.v1beta2.StatefulSetUpdateStrategy,Type
optional_fields_linter_pointers,io.k8s.api.batch.v2alpha1.CronJob,ObjectMeta
optional_fields_linter_pointers,io.k8s.api.batch.v2alpha1.CronJob,Spec
optional_fields_linter_pointers,io.k8s.api.batch.v2alpha1.CronJob,Status
optional_fields_linter_pointers,io.k8s.api.batch.v2alpha1.CronJobList,ListMeta
optional_fields_linter_pointers,io.k8s.api.batch.v2alpha1.CronJobSpec,ConcurrencyPolicy
optional_fields_linter_pointers,io.k8s.api.batch.v2alpha1.CronJobStatus,Active
optional_fields_linter_pointers,io.k8s.api.batch.v2alpha1.JobTemplate,ObjectMeta
optional_fields_linter_pointers,io.k8s.api.batch.v2alpha1.JobTemplate,Template
optional_fields_linter_pointers,io.k8s.api.batch.v2alpha1.JobTemplateSpec,ObjectMeta
optional_fields_linter_pointers,io.k8s.api.batch.v2alpha1.JobTemplateSpec,Spec
optional_fields_linter_pointers,io.k8s.api.autoscaling.v2beta1.CrossVersionObjectReference,APIVersion
optional_fields_linter_pointers,io.k8s.api.autoscaling.v2beta1.HorizontalPodAutoscaler,ObjectMeta
optional_fields_linter_pointers,io.k8s.api.autoscaling.v2beta1.HorizontalPodAutoscaler,Spec
optional_fields_linter_pointers,io.k8s.api.autoscaling.v2beta1.HorizontalPodAutoscaler,Status
optional_fields_linter_pointers,io.k8s.api.autoscaling.v2beta1.HorizontalPodAutoscalerCondition,LastTransitionTime
optional_fields_linter_pointers,io.k8s.api.autoscaling.v2beta1.HorizontalPodAutoscalerCondition,Reason
optional_fields_linter_pointers,io.k8s.api.autoscaling.v2beta1.HorizontalPodAutoscalerCondition,Message
optional_fields_linter_pointers,io.k8s.api.autoscaling.v2beta1.HorizontalPodAutoscalerList,ListMeta
optional_fields_linter_pointers,io.k8s.api.autoscaling.v2beta1.HorizontalPodAutoscalerSpec,Metrics
